id_cuenta,tipo,saldo,fecha_creacion,estado,moneda,limite_diario,id_usuario_principal
1,Empresarial,315538.36,2018-09-17,True,COP,6976.94,722
2,Corriente,99840.7,2023-05-14,True,USD,5493.49,975
3,Ahorro,2020.18,2023-11-17,True,USD,3449.93,82
4,Empresarial,160270.44,2020-12-08,True,MXN,41060.0,726
5,Empresarial,302768.37,2017-02-01,False,EUR,36846.67,607
6,Ahorro,221313.91,2020-09-10,True,GTQ,9616.69,203
7,Inversión,72032.0,2021-01-29,True,GTQ,35440.54,78
8,Corriente,93605.32,2018-08-09,True,USD,20338.73,857
9,Nómina,148430.08,2019-08-16,True,USD,21899.64,845
10,Inversión,367748.03,2020-12-13,True,EUR,14791.01,166
11,Ahorro,30903.62,2020-07-16,True,GTQ,31372.42,838
12,Empresarial,40067.81,2023-07-29,False,GTQ,48881.22,691
13,Ahorro,159267.18,2023-08-26,True,COP,34231.58,68
14,Nómina,131292.41,2024-06-01,True,MXN,18547.51,831
15,Empresarial,185284.65,2018-05-14,False,EUR,27749.93,763
16,Corriente,114133.0,2016-11-29,True,EUR,21076.89,902
17,Empresarial,162251.45,2023-12-06,False,MXN,43565.43,476
18,Empresarial,76427.15,2023-04-11,False,MXN,47532.07,895
19,Corriente,394153.83,2019-04-12,True,MXN,18919.79,445
20,Corriente,75604.22,2017-01-23,True,GTQ,1803.08,484
21,Corriente,135517.95,2017-03-21,True,MXN,20219.36,311
22,Nómina,138907.03,2017-02-17,False,COP,36462.73,444
23,Empresarial,473670.71,2016-10-16,False,GTQ,18315.1,109
24,Ahorro,476479.86,2022-12-01,False,COP,15176.77,241
25,Nómina,471674.66,2024-01-05,True,MXN,25034.84,980
26,Inversión,315791.15,2018-10-18,True,COP,22020.87,125
27,Nómina,64801.1,2018-02-28,True,EUR,40549.09,885
28,Corriente,184846.81,2020-04-23,True,GTQ,22906.83,428
29,Corriente,104807.05,2018-08-29,True,EUR,32059.7,924
30,Empresarial,393424.39,2021-03-23,True,COP,39897.08,716
31,Corriente,450937.72,2018-08-11,True,COP,30859.97,833
32,Corriente,244345.1,2020-04-08,True,EUR,26037.06,98
33,Empresarial,375121.14,2021-12-29,True,GTQ,26932.54,474
34,Nómina,450225.23,2023-03-01,True,GTQ,23024.76,797
35,Corriente,395661.66,2018-02-05,True,EUR,42540.87,61
36,Empresarial,123368.15,2022-02-06,True,EUR,18452.27,636
37,Empresarial,280982.76,2023-10-15,True,EUR,24750.19,322
38,Nómina,441618.43,2017-03-30,True,COP,30648.99,303
39,Ahorro,367773.89,2017-03-09,True,USD,39744.76,434
40,Ahorro,149158.69,2017-04-16,True,EUR,2238.9,668
41,Empresarial,39446.97,2020-03-19,True,MXN,31668.6,569
42,Corriente,296963.15,2023-07-04,True,GTQ,46908.25,467
43,Inversión,98970.57,2021-10-20,False,EUR,8982.15,132
44,Inversión,478057.17,2016-05-22,True,EUR,28076.18,378
45,Corriente,157702.84,2023-01-30,False,COP,2247.8,445
46,Inversión,197829.3,2018-08-30,True,EUR,16876.69,775
47,Nómina,19786.8,2020-09-26,True,USD,25337.15,950
48,Ahorro,70041.73,2016-02-23,True,USD,5501.11,369
49,Inversión,169145.21,2019-08-18,True,GTQ,25130.33,559
50,Ahorro,262387.2,2022-03-13,False,USD,27856.78,92
51,Corriente,224304.22,2016-04-17,True,USD,12724.0,661
52,Nómina,12210.18,2022-03-18,True,MXN,3077.35,225
53,Corriente,474988.01,2024-10-05,True,COP,16653.49,397
54,Empresarial,9725.94,2023-08-02,True,MXN,2152.14,732
55,Empresarial,275060.54,2015-06-14,True,COP,2764.27,236
56,Nómina,245783.38,2018-12-02,True,COP,44200.7,522
57,Corriente,198651.03,2016-09-15,True,COP,14789.44,570
58,Inversión,255488.72,2016-10-16,True,COP,13557.63,201
59,Inversión,448974.27,2019-05-28,True,EUR,23130.84,457
60,Nómina,483870.61,2022-07-14,False,USD,10056.77,43
61,Empresarial,402337.44,2023-05-01,True,USD,38228.2,754
62,Inversión,416481.56,2022-07-24,True,COP,41075.15,370
63,Empresarial,27278.34,2022-01-08,True,COP,44620.12,864
64,Inversión,108481.35,2015-04-08,True,GTQ,11604.75,186
65,Inversión,103255.71,2023-01-27,False,EUR,23436.33,401
66,Nómina,376953.94,2020-07-06,False,COP,30240.28,815
67,Corriente,38929.3,2016-03-15,True,GTQ,31344.56,878
68,Ahorro,473398.88,2015-01-01,True,MXN,19689.62,582
69,Corriente,48706.61,2019-02-16,True,USD,48576.07,760
70,Inversión,38142.14,2019-09-07,True,EUR,38751.74,921
71,Ahorro,151094.85,2017-12-12,False,USD,6895.93,652
72,Ahorro,440157.25,2020-05-05,True,GTQ,6516.75,743
73,Corriente,227676.76,2024-12-09,True,EUR,2105.39,577
74,Empresarial,31735.59,2022-10-04,True,USD,4192.73,695
75,Empresarial,15046.07,2020-07-30,False,MXN,21208.79,997
76,Ahorro,288422.67,2015-06-30,True,EUR,35785.19,737
77,Empresarial,101429.05,2017-12-30,True,EUR,48196.29,193
78,Corriente,344868.63,2024-02-02,True,GTQ,43802.52,856
79,Empresarial,279516.3,2022-11-19,False,USD,36062.9,761
80,Ahorro,143329.9,2015-12-29,True,MXN,41215.0,558
81,Corriente,186696.4,2019-03-01,True,EUR,37024.55,356
82,Empresarial,87063.97,2019-07-04,True,MXN,49192.13,786
83,Inversión,73901.83,2022-07-18,False,COP,20983.46,985
84,Empresarial,43314.14,2017-11-03,True,EUR,46311.23,661
85,Empresarial,225439.3,2021-01-17,True,GTQ,17829.23,941
86,Corriente,299436.39,2021-01-21,True,COP,7836.54,836
87,Corriente,412360.28,2019-06-12,True,MXN,44155.43,514
88,Nómina,21085.01,2016-03-01,True,EUR,46790.76,681
89,Corriente,369881.66,2022-09-02,True,MXN,6729.15,750
90,Inversión,274270.51,2019-06-06,False,USD,29273.95,768
91,Empresarial,343931.69,2016-03-11,True,MXN,8629.36,711
92,Corriente,358129.32,2023-11-25,True,MXN,8073.42,74
93,Inversión,120992.49,2019-07-22,True,USD,27556.38,99
94,Corriente,11850.46,2015-05-08,True,GTQ,11147.28,848
95,Ahorro,33604.22,2020-01-28,True,MXN,47298.86,678
96,Empresarial,5383.17,2021-09-13,True,EUR,19999.62,214
97,Inversión,214319.09,2021-08-12,False,COP,30073.47,696
98,Empresarial,488509.03,2020-08-09,True,EUR,2520.98,718
99,Empresarial,430601.32,2019-04-21,True,MXN,34740.97,636
100,Inversión,474566.24,2022-09-06,False,GTQ,19618.4,986
101,Empresarial,379548.83,2015-12-22,False,EUR,27643.01,85
102,Corriente,362166.89,2023-01-10,True,MXN,19612.7,346
103,Corriente,301844.01,2020-04-06,True,EUR,16180.87,796
104,Empresarial,108356.02,2019-08-09,True,GTQ,34507.37,608
105,Ahorro,467775.54,2019-12-26,True,COP,9880.43,282
106,Nómina,194150.24,2021-01-03,True,EUR,29697.39,715
107,Nómina,245600.39,2020-01-25,True,USD,2951.01,616
108,Inversión,213423.13,2022-09-14,True,GTQ,10757.03,498
109,Corriente,2945.68,2023-09-13,True,MXN,3149.86,188
110,Corriente,170101.2,2022-08-29,False,USD,35977.57,828
111,Ahorro,50858.71,2016-07-24,True,COP,28575.77,449
112,Empresarial,183401.15,2022-11-02,False,GTQ,35712.03,920
113,Inversión,317452.52,2016-03-11,False,MXN,2643.31,447
114,Nómina,351053.68,2015-10-02,True,GTQ,13876.0,972
115,Inversión,237365.3,2020-09-08,True,USD,6929.53,166
116,Ahorro,285253.27,2022-06-15,True,MXN,33333.24,560
117,Inversión,278728.5,2020-05-11,True,USD,29523.91,119
118,Nómina,19973.91,2017-04-09,True,EUR,7527.53,719
119,Empresarial,5695.69,2015-09-03,True,GTQ,26703.59,273
120,Nómina,265306.6,2018-05-27,True,EUR,46115.85,882
121,Empresarial,400632.52,2017-02-11,False,MXN,24457.98,102
122,Corriente,193989.98,2022-02-07,True,USD,33687.04,879
123,Nómina,72786.77,2023-07-13,True,MXN,26155.84,75
124,Nómina,82449.89,2022-01-11,False,EUR,46942.82,848
125,Inversión,203255.09,2023-06-09,False,GTQ,43662.77,800
126,Empresarial,13929.85,2022-07-14,True,MXN,23041.59,857
127,Corriente,374329.39,2016-06-05,False,COP,47520.01,522
128,Empresarial,323055.88,2023-06-22,True,USD,30349.96,295
129,Empresarial,386572.27,2019-11-08,True,MXN,4250.36,87
130,Corriente,386481.74,2015-06-13,True,EUR,20270.1,476
131,Inversión,151818.09,2021-01-01,True,EUR,42913.57,482
132,Nómina,243944.98,2023-06-30,True,MXN,17516.69,709
133,Empresarial,487615.8,2020-12-22,True,EUR,31826.95,957
134,Inversión,437388.28,2021-08-31,True,EUR,46414.17,332
135,Corriente,283050.86,2018-11-28,True,USD,41461.03,531
136,Empresarial,139333.22,2021-09-14,False,USD,38647.39,912
137,Corriente,401141.99,2022-09-20,True,USD,34668.07,371
138,Nómina,276496.31,2017-04-17,False,COP,26485.52,121
139,Inversión,319333.82,2017-04-22,True,USD,44476.39,830
140,Empresarial,187561.81,2019-05-24,False,EUR,46691.71,471
141,Nómina,170765.58,2017-11-09,True,EUR,7097.03,386
142,Nómina,491935.4,2015-01-14,True,USD,40787.57,261
143,Empresarial,227434.81,2021-03-05,True,COP,28805.23,204
144,Inversión,25591.42,2019-10-18,False,COP,6295.88,448
145,Empresarial,156639.68,2016-07-26,True,GTQ,18705.41,821
146,Ahorro,20613.2,2015-10-15,True,GTQ,27876.04,275
147,Corriente,391956.93,2023-05-02,False,USD,2956.93,677
148,Nómina,30033.95,2016-04-01,True,COP,36259.03,292
149,Empresarial,120416.07,2017-06-21,True,COP,18324.02,243
150,Corriente,11574.74,2021-07-20,True,USD,9420.27,990
151,Empresarial,101650.29,2021-11-29,True,USD,5467.71,759
152,Nómina,489338.38,2018-01-09,False,GTQ,5688.5,866
153,Empresarial,110564.65,2020-02-26,True,USD,45963.65,287
154,Ahorro,1683.86,2022-07-12,True,MXN,29402.24,615
155,Empresarial,223137.99,2017-08-09,True,GTQ,21018.2,455
156,Empresarial,75277.73,2024-12-16,False,COP,37784.01,24
157,Nómina,382551.41,2017-04-20,False,MXN,39689.8,537
158,Inversión,161107.8,2020-08-06,False,MXN,30721.14,382
159,Corriente,351757.85,2021-09-27,False,USD,39615.43,213
160,Corriente,157174.47,2019-07-18,True,USD,36031.76,921
161,Corriente,189784.09,2024-11-04,False,GTQ,34638.12,577
162,Corriente,322774.08,2015-09-22,False,GTQ,20054.62,354
163,Inversión,190547.37,2020-07-03,False,MXN,45550.21,92
164,Empresarial,127537.37,2017-07-25,True,EUR,45668.33,267
165,Empresarial,79133.29,2017-06-16,True,GTQ,48978.91,374
166,Ahorro,380379.05,2016-01-04,True,GTQ,31157.05,567
167,Ahorro,125270.52,2020-11-21,True,MXN,8302.44,146
168,Empresarial,139328.88,2017-01-31,True,MXN,16268.32,534
169,Ahorro,115984.64,2016-01-13,True,COP,33076.47,804
170,Corriente,144192.67,2020-04-10,False,USD,12576.02,828
171,Corriente,301356.91,2015-11-12,True,GTQ,14183.16,802
172,Corriente,267023.27,2023-09-27,False,COP,38282.15,741
173,Corriente,76444.03,2017-02-04,True,GTQ,16948.42,176
174,Inversión,256671.63,2015-03-26,True,MXN,7612.51,50
175,Empresarial,78039.11,2016-06-25,True,COP,41879.72,588
176,Inversión,231256.37,2020-02-07,True,GTQ,35958.05,166
177,Nómina,377281.36,2015-10-02,False,USD,1028.1,472
178,Nómina,399439.14,2022-08-07,False,COP,27531.98,414
179,Nómina,233363.44,2022-04-05,True,COP,29296.12,858
180,Empresarial,375840.47,2020-11-14,False,USD,25654.47,512
181,Corriente,402438.88,2017-04-27,True,COP,49741.01,863
182,Inversión,57856.54,2019-08-17,False,MXN,15676.38,25
183,Inversión,243662.07,2023-06-01,True,USD,22341.34,654
184,Corriente,225025.22,2021-08-15,True,EUR,20421.68,146
185,Ahorro,450261.74,2019-12-04,True,MXN,20562.72,730
186,Empresarial,185846.4,2017-04-18,False,USD,21374.2,53
187,Corriente,473867.94,2022-03-06,True,EUR,19327.75,359
188,Empresarial,454705.08,2024-12-12,False,GTQ,30313.59,364
189,Nómina,275848.2,2015-06-15,False,GTQ,18271.64,199
190,Inversión,461000.45,2016-11-10,True,GTQ,8151.01,729
191,Nómina,134877.34,2015-04-12,True,COP,19192.06,460
192,Empresarial,167087.06,2021-11-15,False,EUR,31466.86,292
193,Inversión,25553.08,2020-10-18,True,MXN,38166.13,444
194,Nómina,18174.35,2023-09-28,True,USD,46714.43,387
195,Inversión,330342.07,2019-12-07,True,USD,7968.35,937
196,Corriente,46685.48,2019-04-22,True,MXN,11791.64,46
197,Inversión,6156.16,2016-06-28,True,MXN,28895.45,428
198,Corriente,213513.05,2021-05-16,True,USD,1027.78,68
199,Corriente,429434.44,2017-12-23,False,GTQ,11735.63,938
200,Corriente,462418.41,2020-07-14,True,GTQ,33801.44,832
201,Inversión,308437.5,2019-03-05,False,EUR,29275.13,562
202,Inversión,315799.11,2018-08-30,True,COP,26482.37,286
203,Nómina,389170.23,2017-10-01,True,GTQ,22259.79,279
204,Inversión,469976.03,2018-05-16,False,MXN,3513.04,606
205,Inversión,400856.73,2017-11-21,True,USD,28195.69,865
206,Corriente,440385.0,2017-10-15,False,USD,46376.53,715
207,Nómina,252971.24,2019-08-18,False,MXN,28762.07,307
208,Ahorro,121322.85,2021-12-27,False,GTQ,38973.34,949
209,Ahorro,217868.15,2024-02-21,False,USD,21296.92,32
210,Inversión,468803.25,2016-04-29,True,USD,24839.48,504
211,Empresarial,294252.77,2019-07-19,False,USD,15036.91,626
212,Corriente,168122.03,2021-09-15,True,COP,19465.53,85
213,Ahorro,41139.22,2023-12-06,True,USD,27478.15,505
214,Ahorro,467193.69,2023-11-25,True,GTQ,1102.28,182
215,Ahorro,66828.3,2024-06-17,True,EUR,33636.85,90
216,Ahorro,82694.26,2018-06-22,True,GTQ,2908.17,597
217,Ahorro,494093.52,2021-11-21,True,USD,39687.59,919
218,Empresarial,412113.04,2020-07-01,True,EUR,30075.14,631
219,Nómina,35934.49,2021-11-14,True,USD,4182.18,621
220,Inversión,78781.28,2023-09-14,True,MXN,30717.7,706
221,Inversión,16113.67,2024-07-22,True,USD,35050.53,830
222,Empresarial,179440.09,2020-09-15,True,EUR,33020.98,835
223,Empresarial,209043.0,2017-08-21,True,EUR,11316.82,473
224,Corriente,351646.98,2015-05-31,True,GTQ,29796.47,121
225,Corriente,53926.48,2020-01-13,True,USD,36415.72,290
226,Inversión,343894.13,2021-06-30,True,MXN,22331.41,126
227,Nómina,364717.29,2018-05-24,True,MXN,33152.9,373
228,Corriente,195458.06,2018-11-14,True,GTQ,2537.6,874
229,Inversión,194840.58,2024-02-11,False,MXN,33258.14,408
230,Inversión,224861.16,2024-02-24,True,MXN,33261.84,982
231,Nómina,434080.12,2017-01-23,True,USD,47760.19,426
232,Ahorro,243498.41,2018-10-02,True,GTQ,44326.74,246
233,Nómina,302000.52,2018-02-12,True,USD,21475.64,790
234,Ahorro,315805.83,2022-12-23,True,COP,19278.17,3
235,Ahorro,241450.9,2024-03-30,True,USD,8242.49,697
236,Nómina,136795.67,2019-05-20,True,MXN,38715.88,749
237,Ahorro,227530.75,2023-01-24,True,COP,49842.72,468
238,Ahorro,142314.39,2015-03-15,False,COP,31725.09,811
239,Ahorro,237311.33,2024-11-06,False,MXN,45791.16,624
240,Nómina,115549.52,2018-07-14,True,MXN,13970.32,913
241,Ahorro,408386.46,2022-06-30,True,MXN,14002.93,544
242,Corriente,20368.02,2024-03-18,False,USD,20452.03,441
243,Ahorro,479322.86,2023-12-31,True,COP,40906.81,560
244,Empresarial,8270.07,2024-09-27,True,COP,33502.4,509
245,Nómina,106785.94,2022-06-01,True,GTQ,42906.46,948
246,Empresarial,280421.28,2018-09-07,True,COP,33149.02,15
247,Empresarial,39930.48,2022-04-03,True,MXN,2013.85,133
248,Inversión,84594.41,2018-04-12,True,MXN,8931.21,437
249,Corriente,364607.98,2019-01-20,True,EUR,16165.13,556
250,Nómina,319547.4,2015-11-09,True,GTQ,42798.48,4
251,Corriente,33084.54,2023-08-22,True,USD,6555.17,463
252,Inversión,60807.38,2023-08-04,False,COP,6982.78,685
253,Nómina,139222.45,2015-12-08,True,GTQ,18308.77,398
254,Corriente,272697.7,2017-10-22,True,COP,40414.39,813
255,Ahorro,496062.28,2016-10-26,True,EUR,8856.65,835
256,Nómina,97165.8,2023-06-29,True,GTQ,17668.86,399
257,Empresarial,51874.34,2020-09-29,False,USD,9208.63,636
258,Empresarial,386754.34,2023-05-21,True,USD,41891.05,957
259,Empresarial,278773.14,2020-02-19,False,EUR,32483.84,204
260,Ahorro,18286.1,2017-02-09,True,COP,18415.65,681
261,Inversión,324393.54,2019-08-30,True,EUR,43238.34,88
262,Corriente,421526.89,2021-09-01,True,COP,7652.74,507
263,Nómina,498068.23,2023-02-21,True,GTQ,31622.38,34
264,Inversión,123094.18,2021-01-08,False,EUR,2908.0,110
265,Ahorro,469530.4,2022-06-16,True,EUR,40968.97,157
266,Inversión,170036.6,2019-08-15,True,COP,18825.48,511
267,Inversión,369340.34,2019-07-25,True,GTQ,49081.44,336
268,Corriente,355928.97,2024-10-01,True,COP,30542.41,873
269,Ahorro,181329.83,2016-01-25,True,EUR,16597.27,127
270,Corriente,288248.04,2021-07-12,True,USD,3404.86,319
271,Nómina,377444.83,2024-08-20,True,COP,46825.26,892
272,Nómina,148673.48,2021-03-12,True,GTQ,44870.96,771
273,Ahorro,156014.91,2024-11-05,False,GTQ,33236.98,276
274,Ahorro,68532.13,2016-01-22,True,GTQ,44678.72,44
275,Empresarial,404769.34,2019-07-21,True,EUR,8781.54,963
276,Nómina,447522.76,2017-10-11,True,EUR,9250.61,665
277,Nómina,350378.66,2016-03-01,True,MXN,11702.48,726
278,Corriente,84767.85,2024-03-21,True,MXN,1259.04,536
279,Inversión,288387.71,2023-03-09,True,MXN,27830.62,61
280,Empresarial,105582.66,2022-06-24,False,USD,41426.24,300
281,Inversión,68191.63,2021-08-16,False,COP,15095.47,256
282,Nómina,428084.38,2016-05-25,False,EUR,32768.54,510
283,Ahorro,488910.14,2019-07-20,True,EUR,34873.7,591
284,Corriente,407241.67,2021-07-04,True,USD,7489.98,42
285,Corriente,499072.67,2023-05-10,True,GTQ,34519.34,137
286,Corriente,138346.88,2016-04-06,True,USD,36144.59,850
287,Ahorro,206736.58,2018-10-30,True,MXN,8074.8,742
288,Ahorro,434413.69,2018-08-24,False,MXN,33316.49,697
289,Inversión,221761.55,2017-04-05,True,USD,20071.34,193
290,Corriente,245007.68,2018-01-26,False,GTQ,13353.45,444
291,Empresarial,79386.69,2023-10-06,True,MXN,26689.82,209
292,Empresarial,55297.2,2018-03-22,True,EUR,14687.08,437
293,Ahorro,236669.66,2023-07-21,True,COP,23267.02,311
294,Corriente,224726.6,2022-09-20,True,MXN,48211.9,277
295,Corriente,240227.11,2019-11-30,True,GTQ,39269.38,661
296,Empresarial,192352.37,2021-03-09,True,GTQ,14116.11,380
297,Nómina,127480.11,2016-02-09,True,COP,40173.61,765
298,Empresarial,10247.75,2021-05-12,True,USD,45040.01,259
299,Corriente,378892.69,2022-06-30,True,MXN,48895.14,4
300,Corriente,479314.9,2018-09-02,False,COP,17723.52,493
301,Corriente,93767.2,2023-03-20,True,MXN,13307.22,824
302,Inversión,293137.56,2022-01-19,False,COP,28695.57,366
303,Ahorro,190022.77,2022-01-02,True,USD,16911.04,879
304,Inversión,178504.64,2023-07-06,True,COP,17338.03,234
305,Empresarial,478755.15,2015-03-09,True,GTQ,28692.79,141
306,Corriente,205426.58,2015-06-29,True,MXN,21205.63,757
307,Ahorro,51397.32,2021-02-24,False,USD,11815.88,220
308,Corriente,185501.4,2015-05-30,True,GTQ,45991.97,419
309,Ahorro,495658.66,2022-03-18,False,USD,5580.66,946
310,Corriente,305925.84,2016-01-19,True,COP,27307.66,645
311,Corriente,22180.86,2022-09-23,True,COP,9184.85,776
312,Ahorro,463121.49,2020-06-28,True,MXN,44485.95,103
313,Ahorro,251899.86,2017-07-28,True,GTQ,21928.18,358
314,Inversión,376688.36,2021-03-28,True,GTQ,37206.13,643
315,Nómina,10778.56,2018-02-01,True,USD,41293.39,240
316,Ahorro,366246.87,2017-03-13,True,USD,7498.78,472
317,Ahorro,330864.47,2017-07-13,True,GTQ,6775.94,935
318,Corriente,183384.54,2023-06-26,True,MXN,8542.54,65
319,Corriente,236917.65,2015-02-01,True,EUR,2721.35,180
320,Empresarial,54351.36,2023-07-29,True,USD,4587.44,426
321,Ahorro,217365.77,2022-11-05,True,EUR,35971.15,731
322,Nómina,441925.94,2020-12-14,True,MXN,8712.46,609
323,Nómina,330292.26,2017-06-02,False,MXN,9434.62,857
324,Empresarial,139659.78,2017-12-01,True,GTQ,10617.21,303
325,Empresarial,386301.78,2020-03-19,True,COP,6652.03,712
326,Corriente,450425.39,2017-07-30,True,COP,24486.76,932
327,Nómina,356253.24,2024-02-28,True,GTQ,26379.77,552
328,Corriente,399491.55,2017-09-12,True,COP,43056.85,557
329,Ahorro,120823.22,2021-03-12,True,EUR,26728.72,96
330,Inversión,130643.98,2021-02-26,True,USD,3156.91,503
331,Corriente,69942.24,2023-11-10,True,GTQ,26379.8,640
332,Empresarial,35810.47,2023-01-31,True,EUR,23584.06,698
333,Inversión,496376.67,2018-10-15,True,GTQ,38508.49,799
334,Ahorro,387674.6,2022-09-30,True,GTQ,5098.06,169
335,Nómina,40623.49,2022-09-18,True,MXN,47701.34,101
336,Empresarial,391846.48,2021-01-16,True,GTQ,39585.82,767
337,Nómina,13018.05,2016-09-05,True,EUR,19573.21,118
338,Nómina,322838.96,2023-06-10,True,EUR,8804.45,559
339,Corriente,300214.11,2021-06-18,False,EUR,25065.82,933
340,Ahorro,75373.57,2024-03-30,True,COP,31461.09,44
341,Inversión,189784.68,2015-06-15,False,MXN,2286.32,614
342,Ahorro,1497.52,2017-12-06,True,MXN,17922.26,350
343,Ahorro,180797.22,2020-10-14,True,COP,8347.97,387
344,Nómina,61558.87,2019-08-19,True,EUR,26072.45,330
345,Inversión,330695.82,2019-02-08,True,USD,39471.86,385
346,Ahorro,276316.41,2015-06-11,False,GTQ,20929.86,247
347,Empresarial,301091.05,2021-11-20,False,COP,18398.78,18
348,Nómina,389329.04,2024-08-07,True,USD,4161.21,275
349,Ahorro,464076.49,2024-09-14,False,EUR,41910.01,128
350,Nómina,457625.94,2023-04-13,True,EUR,31653.34,265
351,Corriente,273784.09,2020-04-24,False,USD,26267.5,388
352,Corriente,264207.82,2015-09-20,False,EUR,12869.13,690
353,Ahorro,70836.33,2019-06-27,True,USD,26564.45,661
354,Inversión,203879.84,2016-10-11,True,USD,44092.86,775
355,Corriente,184191.43,2023-02-18,False,USD,6100.55,984
356,Inversión,41175.92,2024-10-17,True,MXN,15289.64,647
357,Empresarial,78420.34,2023-06-01,True,EUR,43447.4,44
358,Corriente,201699.26,2017-07-27,True,EUR,27629.99,192
359,Inversión,95916.86,2024-09-14,True,GTQ,24021.77,316
360,Empresarial,396067.68,2024-09-05,True,COP,29209.76,835
361,Nómina,252657.65,2015-04-03,True,GTQ,19050.22,570
362,Nómina,259421.58,2024-04-24,True,EUR,36549.24,138
363,Empresarial,305086.61,2022-10-26,True,EUR,2839.51,704
364,Ahorro,496563.7,2018-04-08,True,USD,45907.81,214
365,Inversión,97245.03,2020-11-25,True,COP,16438.62,726
366,Ahorro,197420.53,2017-06-27,True,GTQ,5412.82,729
367,Nómina,227426.48,2020-03-25,True,COP,3368.19,1000
368,Corriente,120624.05,2016-01-10,True,MXN,11622.33,415
369,Inversión,499721.84,2015-06-10,False,GTQ,36444.68,980
370,Ahorro,459073.38,2021-11-11,False,EUR,49579.68,98
371,Empresarial,480373.89,2024-08-16,False,COP,36294.02,538
372,Ahorro,5434.9,2017-01-27,True,GTQ,49865.89,31
373,Nómina,53462.22,2023-09-25,False,GTQ,27937.28,858
374,Nómina,261982.49,2015-02-23,True,MXN,17358.75,653
375,Empresarial,132017.19,2018-03-07,True,MXN,45916.93,904
376,Nómina,340092.36,2019-05-24,True,COP,39812.04,138
377,Ahorro,38218.35,2021-10-08,True,GTQ,43671.24,655
378,Nómina,143489.4,2021-01-17,True,USD,12336.13,543
379,Empresarial,171540.85,2015-04-19,True,MXN,10540.59,835
380,Corriente,470805.91,2021-10-20,True,GTQ,12766.98,282
381,Inversión,168913.57,2015-11-11,True,EUR,46755.12,713
382,Inversión,65113.22,2021-01-04,False,GTQ,41649.57,646
383,Ahorro,389031.42,2018-10-14,True,MXN,46844.02,439
384,Empresarial,483147.31,2023-05-05,True,COP,34990.63,120
385,Corriente,213315.34,2024-06-29,True,GTQ,47248.55,896
386,Ahorro,260176.26,2017-04-12,True,MXN,20493.69,623
387,Ahorro,409104.34,2023-07-22,True,MXN,8545.6,467
388,Ahorro,160257.07,2023-05-11,True,GTQ,47686.55,787
389,Corriente,127088.06,2018-10-26,True,GTQ,41052.49,522
390,Nómina,91783.61,2021-06-01,True,MXN,31692.54,497
391,Empresarial,381549.69,2022-03-23,True,COP,11332.07,538
392,Inversión,145271.37,2015-06-15,True,USD,15896.3,568
393,Ahorro,396926.3,2020-01-07,True,EUR,15623.57,489
394,Nómina,368355.39,2020-12-05,True,MXN,3259.91,240
395,Inversión,307292.82,2016-05-23,True,GTQ,33684.26,463
396,Ahorro,302880.46,2015-07-14,True,COP,29461.34,67
397,Inversión,142953.63,2017-01-14,True,MXN,49602.81,597
398,Corriente,201487.25,2021-09-14,False,COP,29063.05,385
399,Inversión,415158.06,2022-03-13,False,GTQ,44568.42,303
400,Corriente,267678.77,2019-02-08,False,COP,13161.84,339
401,Nómina,51561.7,2015-03-29,True,COP,31320.4,999
402,Corriente,476648.91,2024-12-26,True,GTQ,10062.78,800
403,Corriente,147286.38,2016-08-01,False,MXN,28631.84,984
404,Ahorro,203968.77,2022-11-05,True,COP,24175.9,408
405,Ahorro,228645.03,2019-09-07,True,MXN,9521.82,222
406,Inversión,280873.66,2023-02-15,True,COP,30729.82,334
407,Nómina,453939.22,2022-04-17,True,COP,7787.63,919
408,Nómina,378530.4,2024-05-17,True,GTQ,44965.29,984
409,Empresarial,443652.63,2016-04-27,True,COP,30890.34,350
410,Ahorro,274671.17,2024-07-09,True,MXN,29935.09,368
411,Nómina,338309.44,2019-11-14,True,GTQ,39396.44,392
412,Nómina,189210.23,2019-07-25,True,USD,1731.72,494
413,Empresarial,49216.56,2024-04-25,True,USD,40554.39,322
414,Nómina,168492.56,2023-06-01,True,EUR,42322.08,796
415,Inversión,199395.38,2016-09-02,True,COP,40017.89,319
416,Nómina,136023.54,2015-06-16,True,USD,24442.45,230
417,Ahorro,3356.01,2024-07-22,False,COP,20142.98,907
418,Empresarial,31396.22,2015-08-14,True,MXN,25691.07,77
419,Ahorro,334190.69,2024-02-18,True,GTQ,3347.89,68
420,Empresarial,263953.41,2021-11-12,True,GTQ,15358.69,622
421,Ahorro,428932.63,2018-08-09,True,MXN,20981.76,182
422,Nómina,98030.17,2021-07-13,False,MXN,31721.91,52
423,Inversión,110333.33,2018-02-20,True,GTQ,44890.21,452
424,Empresarial,299457.97,2019-05-20,True,GTQ,36001.45,460
425,Corriente,363038.0,2023-07-23,False,USD,30219.29,353
426,Ahorro,277776.7,2016-01-13,False,MXN,46218.62,946
427,Ahorro,490993.03,2021-05-04,True,EUR,2114.02,960
428,Nómina,337348.75,2017-12-12,True,USD,10723.52,465
429,Corriente,44684.5,2016-06-27,True,EUR,36031.03,176
430,Corriente,172436.09,2019-07-02,True,MXN,27689.59,82
431,Empresarial,5419.63,2024-07-11,True,GTQ,4851.13,168
432,Ahorro,189976.79,2017-06-15,False,USD,41433.2,686
433,Inversión,66264.9,2020-07-23,True,MXN,6941.95,224
434,Empresarial,37260.58,2022-06-28,True,EUR,13965.33,51
435,Corriente,432292.53,2018-08-16,True,USD,43342.02,302
436,Nómina,21596.33,2024-03-02,True,MXN,14494.2,55
437,Corriente,225924.15,2022-08-25,True,GTQ,20519.62,548
438,Ahorro,463849.21,2020-03-12,False,COP,9345.59,192
439,Ahorro,7105.36,2016-10-23,True,MXN,44819.05,604
440,Nómina,413678.66,2016-02-24,True,EUR,26451.8,998
441,Empresarial,85892.65,2021-02-14,True,MXN,39435.33,704
442,Nómina,219021.71,2023-07-02,False,USD,43861.93,553
443,Corriente,438333.87,2024-07-05,True,COP,34395.06,327
444,Empresarial,14675.56,2017-07-26,False,GTQ,25148.48,720
445,Nómina,272344.72,2022-02-20,False,MXN,34356.52,122
446,Empresarial,239212.79,2015-09-08,False,MXN,12561.55,415
447,Nómina,389964.94,2016-08-23,True,EUR,38462.27,386
448,Nómina,71900.38,2022-05-22,True,USD,11971.5,358
449,Inversión,336974.13,2015-12-20,False,EUR,1726.78,344
450,Nómina,494437.8,2016-03-05,True,MXN,28902.16,751
451,Ahorro,261466.44,2023-08-21,True,GTQ,49103.4,143
452,Inversión,283976.73,2020-02-14,True,COP,29941.0,792
453,Inversión,117686.07,2021-12-28,True,COP,43535.8,976
454,Corriente,63524.35,2015-06-04,True,GTQ,47618.6,709
455,Corriente,331190.56,2021-01-30,False,COP,36120.8,257
456,Nómina,484535.9,2022-04-09,True,EUR,44242.07,346
457,Nómina,256151.6,2022-01-22,True,GTQ,14894.73,463
458,Nómina,253816.7,2024-02-01,True,MXN,5491.62,946
459,Corriente,117716.93,2021-02-06,False,MXN,20134.31,201
460,Nómina,384576.74,2022-05-13,True,GTQ,46761.31,463
461,Inversión,190286.1,2015-11-16,True,MXN,25250.01,545
462,Empresarial,192298.75,2016-09-06,False,COP,25364.08,866
463,Corriente,418538.8,2016-06-14,True,COP,29263.41,506
464,Ahorro,395284.95,2020-12-19,True,COP,1032.08,659
465,Corriente,341201.13,2023-11-20,True,EUR,3541.73,276
466,Ahorro,331818.7,2024-09-24,True,MXN,19666.02,635
467,Inversión,342837.65,2021-05-20,True,GTQ,33977.55,172
468,Inversión,449893.4,2016-12-21,True,EUR,14147.8,187
469,Nómina,196647.36,2021-08-28,False,USD,7877.35,847
470,Nómina,147152.52,2022-02-27,True,USD,34492.75,758
471,Nómina,423386.88,2023-11-08,False,USD,43448.31,200
472,Nómina,480241.3,2021-06-03,True,EUR,20840.15,267
473,Ahorro,342266.18,2018-09-04,True,COP,38313.41,740
474,Empresarial,89031.5,2018-11-07,False,USD,48462.77,176
475,Empresarial,473037.76,2017-06-26,True,EUR,26957.31,801
476,Inversión,51200.14,2024-08-25,True,COP,35820.15,379
477,Inversión,12927.07,2022-03-30,False,COP,13879.62,396
478,Nómina,162255.74,2021-11-03,True,MXN,38877.16,295
479,Inversión,112180.93,2017-03-06,True,COP,6878.91,692
480,Nómina,412181.86,2015-11-02,True,MXN,30351.05,169
481,Ahorro,99653.99,2024-05-05,True,COP,12564.88,813
482,Ahorro,43096.48,2019-01-31,True,MXN,16071.44,334
483,Inversión,226893.0,2018-08-31,True,USD,6253.89,747
484,Corriente,183118.45,2024-12-08,True,MXN,24316.93,867
485,Nómina,48779.21,2023-12-16,False,MXN,42726.41,47
486,Ahorro,479904.13,2017-12-24,True,GTQ,14890.46,789
487,Ahorro,17692.58,2018-12-20,True,MXN,19763.69,542
488,Ahorro,348069.83,2020-11-15,False,COP,3946.97,751
489,Corriente,378906.63,2015-01-28,True,EUR,7359.02,865
490,Nómina,263438.87,2024-08-09,True,MXN,8976.69,141
491,Inversión,278747.55,2024-01-29,False,MXN,3860.09,333
492,Nómina,253269.07,2023-11-20,False,COP,22667.87,306
493,Corriente,69195.71,2022-12-02,True,COP,17526.98,759
494,Inversión,270720.6,2018-10-22,False,EUR,40033.52,325
495,Nómina,144087.51,2020-08-18,True,EUR,47942.25,933
496,Ahorro,483820.43,2024-02-10,False,EUR,2244.39,955
497,Ahorro,441256.75,2015-06-25,True,EUR,19252.68,236
498,Nómina,323705.29,2017-08-08,True,USD,7425.27,899
499,Ahorro,399676.12,2024-09-27,True,GTQ,11208.85,332
500,Inversión,240316.54,2020-11-07,True,MXN,28221.76,187
501,Ahorro,142026.35,2018-03-10,False,MXN,29735.24,734
502,Empresarial,72121.78,2024-07-15,True,MXN,23001.21,653
503,Empresarial,359708.46,2018-04-13,False,USD,37598.11,133
504,Inversión,422997.03,2023-04-14,True,EUR,15107.75,973
505,Ahorro,262961.25,2024-01-12,True,COP,40578.73,109
506,Corriente,95292.82,2015-09-15,True,USD,30722.38,900
507,Ahorro,313493.29,2021-12-31,True,GTQ,19480.66,9
508,Ahorro,259843.34,2019-08-29,True,MXN,8847.39,735
509,Nómina,231646.73,2015-04-10,True,MXN,20797.24,724
510,Ahorro,332612.14,2016-12-25,True,EUR,24523.9,329
511,Inversión,373438.62,2019-01-27,True,MXN,7647.67,159
512,Nómina,471074.65,2018-08-25,True,COP,5421.47,837
513,Empresarial,191268.15,2022-05-17,True,GTQ,20232.28,563
514,Corriente,359172.72,2016-05-10,False,USD,4102.77,704
515,Corriente,99240.76,2023-10-30,True,COP,33114.41,990
516,Corriente,478349.83,2015-04-30,True,USD,9454.65,591
517,Nómina,454829.8,2017-05-26,False,USD,47811.76,751
518,Empresarial,399721.54,2022-05-16,True,EUR,12577.33,564
519,Corriente,118303.72,2016-11-13,True,EUR,35421.04,251
520,Nómina,427863.92,2021-01-21,True,EUR,28241.26,316
521,Inversión,208995.91,2020-06-26,False,MXN,11724.44,828
522,Empresarial,144992.41,2015-03-22,True,EUR,43406.23,592
523,Empresarial,305645.3,2023-02-17,True,USD,44770.32,619
524,Nómina,219454.12,2017-02-04,True,MXN,4424.24,57
525,Inversión,123320.03,2021-09-06,False,COP,45622.51,737
526,Ahorro,107197.17,2022-12-09,True,USD,29399.35,572
527,Nómina,121589.3,2016-09-03,True,GTQ,7601.1,374
528,Empresarial,364628.62,2023-02-22,True,COP,10233.58,39
529,Ahorro,132729.25,2021-03-20,False,COP,40730.81,703
530,Empresarial,259360.14,2020-09-03,False,EUR,34496.27,710
531,Inversión,333707.22,2019-01-03,True,USD,32233.93,404
532,Ahorro,399366.16,2023-06-02,True,USD,1849.51,310
533,Corriente,461280.08,2022-03-28,True,COP,42904.1,588
534,Inversión,54829.47,2015-09-30,True,USD,47750.62,893
535,Nómina,449280.01,2024-09-23,True,GTQ,39168.3,659
536,Nómina,83823.29,2023-03-09,True,GTQ,5531.28,204
537,Empresarial,138664.37,2024-09-24,True,GTQ,30991.93,202
538,Ahorro,288316.93,2020-04-09,True,USD,34651.9,512
539,Ahorro,304387.73,2016-04-16,True,MXN,3372.41,155
540,Corriente,57868.24,2016-10-06,True,MXN,21095.46,771
541,Corriente,26846.38,2021-10-17,True,GTQ,6522.77,413
542,Ahorro,64838.29,2017-01-10,True,GTQ,31257.89,33
543,Empresarial,68079.79,2018-11-05,False,USD,10699.62,638
544,Corriente,18607.81,2021-05-31,True,MXN,19633.9,214
545,Nómina,6803.19,2017-01-02,False,EUR,39055.79,107
546,Corriente,382203.6,2018-03-01,True,GTQ,5414.92,24
547,Nómina,341552.55,2022-01-05,True,EUR,43132.35,591
548,Inversión,490993.72,2016-09-06,True,MXN,7311.56,861
549,Nómina,96907.58,2024-06-30,True,EUR,36357.14,860
550,Ahorro,405251.26,2023-04-03,True,USD,36067.99,583
551,Nómina,172684.86,2023-09-27,False,GTQ,39041.79,235
552,Empresarial,59413.3,2018-02-02,True,MXN,46823.27,563
553,Inversión,269865.7,2019-05-06,True,USD,11388.62,28
554,Inversión,470762.18,2024-12-16,True,GTQ,7901.45,494
555,Ahorro,211287.65,2019-01-22,True,MXN,12309.53,507
556,Inversión,30248.45,2021-09-19,True,MXN,36223.21,988
557,Ahorro,215667.82,2024-08-31,True,MXN,12181.86,130
558,Inversión,265570.5,2016-03-14,True,EUR,13792.03,885
559,Corriente,413901.04,2022-09-04,True,USD,35358.85,888
560,Inversión,16288.25,2015-08-29,True,GTQ,31190.72,930
561,Empresarial,478298.88,2021-04-30,False,EUR,21736.27,806
562,Inversión,311490.91,2019-02-28,False,COP,34176.36,357
563,Inversión,142593.3,2024-06-16,True,USD,13312.78,862
564,Ahorro,68515.9,2024-02-01,True,MXN,22275.06,114
565,Ahorro,277515.21,2023-08-17,True,COP,7009.2,213
566,Ahorro,403067.76,2023-04-06,False,COP,12262.7,461
567,Empresarial,138157.38,2016-01-04,False,USD,21766.46,44
568,Nómina,6663.19,2016-02-04,True,MXN,6262.71,607
569,Ahorro,434229.45,2016-03-19,True,GTQ,23709.31,201
570,Nómina,21321.07,2020-01-30,True,USD,3640.27,730
571,Corriente,166136.43,2015-07-15,True,EUR,48528.49,977
572,Inversión,246067.36,2017-03-28,False,USD,6596.09,202
573,Ahorro,8813.06,2019-11-18,True,EUR,27052.89,541
574,Inversión,223465.23,2022-11-21,False,COP,13434.27,31
575,Corriente,60336.14,2015-01-23,True,USD,49988.18,823
576,Corriente,303520.65,2016-10-03,False,EUR,42078.2,911
577,Empresarial,218460.75,2016-09-01,True,EUR,29672.21,538
578,Corriente,415363.45,2022-11-05,False,GTQ,2572.15,273
579,Empresarial,207460.53,2016-02-15,True,EUR,31715.04,26
580,Ahorro,397572.19,2015-07-27,False,COP,24797.03,479
581,Ahorro,456973.31,2015-06-02,True,EUR,29692.67,557
582,Nómina,34065.56,2023-01-07,True,COP,1148.32,256
583,Ahorro,158401.29,2016-12-06,True,EUR,30917.36,514
584,Ahorro,403935.19,2018-05-04,False,MXN,39382.97,542
585,Empresarial,319476.91,2022-04-08,True,USD,23699.14,450
586,Ahorro,406851.29,2019-04-15,True,GTQ,21133.47,392
587,Ahorro,74305.09,2020-06-09,True,GTQ,24766.05,585
588,Inversión,124196.08,2024-04-26,True,EUR,22407.79,216
589,Nómina,334898.78,2021-09-03,True,COP,28854.66,117
590,Nómina,223089.38,2015-03-02,True,EUR,9091.99,442
591,Corriente,13250.84,2020-03-28,True,COP,23576.35,926
592,Nómina,422141.02,2016-03-08,True,MXN,3691.2,163
593,Ahorro,315449.23,2022-05-29,True,GTQ,42631.35,924
594,Nómina,471862.71,2023-12-18,True,USD,19099.47,719
595,Nómina,285824.08,2021-09-05,False,USD,44974.89,86
596,Empresarial,481263.36,2023-03-13,True,COP,2496.25,841
597,Ahorro,485257.05,2019-06-23,True,EUR,27220.09,165
598,Ahorro,225700.54,2024-11-14,True,COP,26144.12,950
599,Corriente,285586.71,2019-12-09,True,MXN,46692.84,553
600,Corriente,30951.07,2015-04-16,True,COP,3294.29,486
601,Inversión,236690.3,2016-01-19,True,USD,19632.25,88
602,Inversión,297880.63,2016-01-10,True,USD,26034.02,512
603,Nómina,135281.02,2016-11-08,False,COP,45286.77,155
604,Empresarial,363130.1,2019-05-26,False,GTQ,14089.59,603
605,Inversión,114745.7,2016-04-27,True,GTQ,39715.71,434
606,Ahorro,177369.56,2015-06-30,False,COP,32474.01,182
607,Empresarial,142130.32,2024-01-25,True,EUR,36420.4,363
608,Ahorro,389537.44,2020-02-29,False,USD,15349.64,47
609,Nómina,463120.93,2022-11-15,True,COP,19439.42,560
610,Corriente,360205.43,2021-11-10,False,GTQ,14016.59,524
611,Inversión,75929.53,2019-12-24,True,USD,28480.82,105
612,Empresarial,71255.61,2018-12-27,True,MXN,14485.64,560
613,Corriente,271.62,2021-06-08,True,EUR,27196.48,546
614,Nómina,114053.23,2015-06-18,False,USD,49265.61,405
615,Empresarial,75754.21,2023-06-11,False,COP,29211.76,436
616,Ahorro,311657.21,2015-09-17,True,EUR,4618.8,850
617,Ahorro,293290.32,2023-06-27,True,EUR,33397.88,615
618,Corriente,499289.64,2024-10-16,True,MXN,6290.06,219
619,Empresarial,359885.25,2015-01-02,True,USD,49069.62,45
620,Inversión,160676.66,2020-09-24,True,MXN,17290.09,850
621,Ahorro,455013.88,2019-01-15,True,EUR,25284.01,269
622,Ahorro,308178.18,2019-10-23,True,GTQ,43779.05,714
623,Inversión,136872.69,2023-11-01,False,MXN,42411.27,482
624,Empresarial,448298.19,2023-05-20,True,COP,7212.09,265
625,Nómina,269166.25,2023-06-12,True,COP,27511.05,930
626,Ahorro,433162.75,2020-03-06,True,GTQ,14303.43,454
627,Inversión,206908.37,2024-07-04,True,USD,42147.0,638
628,Corriente,459566.45,2022-01-10,False,EUR,27749.84,632
629,Nómina,308741.59,2017-10-16,False,COP,27928.05,320
630,Nómina,190643.09,2018-07-03,True,EUR,17673.96,268
631,Inversión,401809.29,2015-07-21,True,GTQ,31071.16,740
632,Nómina,339793.57,2015-08-28,False,EUR,13073.43,952
633,Empresarial,444588.0,2015-07-02,True,GTQ,4448.8,81
634,Empresarial,341414.75,2015-09-11,True,COP,27353.06,790
635,Nómina,403771.2,2017-04-28,False,EUR,13179.09,1000
636,Corriente,50094.16,2021-06-30,True,EUR,19247.03,58
637,Empresarial,242805.51,2015-07-21,True,COP,33147.14,587
638,Inversión,403516.08,2018-05-08,True,USD,3300.96,943
639,Empresarial,499320.14,2022-08-27,True,COP,31056.13,442
640,Empresarial,205289.1,2018-08-31,False,EUR,8929.63,840
641,Inversión,157442.33,2024-09-13,True,MXN,38057.05,349
642,Nómina,446242.56,2021-05-28,False,EUR,38632.26,988
643,Corriente,96224.53,2020-09-05,True,MXN,7411.94,878
644,Inversión,129118.46,2019-07-15,False,USD,42860.12,189
645,Empresarial,168320.02,2018-03-30,True,GTQ,20428.03,343
646,Nómina,304159.25,2017-07-26,True,GTQ,35044.84,692
647,Empresarial,80216.04,2017-02-03,True,USD,8455.64,186
648,Empresarial,214148.17,2024-11-19,False,MXN,16220.2,138
649,Inversión,306675.24,2019-05-18,True,GTQ,4874.19,288
650,Ahorro,46240.85,2024-07-20,True,COP,40047.22,655
651,Empresarial,496687.42,2015-01-26,True,GTQ,24254.68,529
652,Empresarial,240652.06,2020-07-18,True,USD,43856.32,178
653,Nómina,297802.64,2019-01-07,False,GTQ,46618.28,280
654,Empresarial,67541.52,2023-01-21,False,EUR,42784.35,654
655,Empresarial,38162.23,2023-03-11,True,USD,3620.09,542
656,Inversión,114480.9,2023-07-09,False,EUR,12170.82,355
657,Nómina,364775.16,2024-09-18,True,MXN,28151.27,998
658,Corriente,184311.04,2017-12-20,True,EUR,7267.92,688
659,Nómina,347388.59,2017-08-10,True,EUR,18739.43,771
660,Inversión,23669.82,2022-07-31,False,EUR,15969.65,377
661,Inversión,326138.3,2018-10-18,True,USD,42429.99,79
662,Ahorro,70057.86,2017-03-03,True,MXN,14987.83,551
663,Nómina,382698.46,2023-03-14,False,COP,36938.55,87
664,Empresarial,219250.34,2023-09-04,False,USD,12901.91,301
665,Corriente,244693.68,2015-05-06,True,COP,27405.9,702
666,Corriente,409841.91,2020-04-28,True,GTQ,33097.69,63
667,Ahorro,303409.59,2019-05-05,True,GTQ,13491.57,732
668,Corriente,16696.75,2021-10-29,True,EUR,36240.14,516
669,Corriente,133455.99,2017-07-28,True,USD,44173.73,13
670,Ahorro,428933.45,2024-09-05,True,COP,4387.06,894
671,Empresarial,220326.74,2020-08-31,True,COP,45345.15,863
672,Empresarial,172735.66,2016-12-06,True,EUR,13465.27,687
673,Inversión,130900.22,2019-10-18,True,COP,11303.03,548
674,Inversión,344248.17,2020-04-30,True,MXN,35524.26,566
675,Ahorro,7883.24,2022-09-11,True,USD,32538.82,127
676,Corriente,268361.77,2020-08-19,True,COP,37031.72,824
677,Nómina,283992.48,2019-10-10,True,COP,3985.12,323
678,Empresarial,289429.71,2016-06-28,False,GTQ,14437.8,461
679,Corriente,126971.18,2017-08-10,True,GTQ,43230.55,613
680,Nómina,373874.73,2019-04-11,True,USD,14122.18,927
681,Corriente,415837.61,2022-04-11,True,COP,23026.99,534
682,Corriente,119209.76,2023-11-20,True,USD,48813.51,662
683,Nómina,250034.59,2019-05-25,True,COP,11294.42,177
684,Nómina,433480.34,2015-07-22,True,USD,8139.58,46
685,Ahorro,7549.93,2017-07-31,True,GTQ,1797.59,709
686,Nómina,193031.31,2019-11-13,False,GTQ,3220.17,31
687,Nómina,420653.4,2021-09-10,False,MXN,6963.43,561
688,Ahorro,408933.15,2017-02-14,True,MXN,40046.12,296
689,Ahorro,458642.86,2017-08-21,True,EUR,32843.91,657
690,Ahorro,294857.35,2023-06-20,True,MXN,14541.82,802
691,Nómina,320793.11,2017-03-09,True,EUR,21024.73,603
692,Inversión,416045.56,2023-11-11,True,GTQ,1178.85,751
693,Ahorro,228576.33,2023-06-06,False,USD,1171.91,837
694,Inversión,471734.86,2023-04-29,False,MXN,41870.47,340
695,Ahorro,451479.4,2015-07-08,False,MXN,48649.76,685
696,Empresarial,211098.69,2016-01-12,True,GTQ,45344.37,403
697,Inversión,149615.5,2015-12-21,True,USD,49352.3,2
698,Empresarial,270872.76,2016-02-16,False,COP,41079.3,939
699,Nómina,134505.39,2021-12-08,False,GTQ,26616.84,16
700,Inversión,386525.49,2023-07-11,True,MXN,21564.83,208
701,Inversión,277025.15,2019-03-28,False,USD,20032.3,471
702,Ahorro,264024.45,2021-01-20,False,COP,28215.62,920
703,Nómina,59244.81,2020-12-07,False,COP,4559.74,32
704,Inversión,401445.09,2019-10-23,True,EUR,23223.18,80
705,Nómina,227289.9,2019-03-25,True,COP,12600.63,23
706,Ahorro,66437.25,2024-11-18,True,MXN,42614.24,647
707,Nómina,288698.38,2024-04-26,True,MXN,1719.93,81
708,Nómina,427404.81,2023-07-15,True,USD,47096.51,803
709,Empresarial,180667.34,2020-09-21,True,GTQ,23567.96,468
710,Inversión,353062.56,2022-07-11,True,MXN,15543.1,617
711,Corriente,392050.77,2016-01-31,True,EUR,5503.2,730
712,Nómina,201466.19,2016-07-18,False,EUR,9674.28,145
713,Nómina,471518.26,2018-10-01,True,MXN,3616.33,725
714,Inversión,360530.95,2019-02-09,True,USD,6156.55,567
715,Inversión,340539.53,2019-03-08,False,GTQ,16629.06,799
716,Nómina,63296.88,2024-06-22,True,USD,42383.64,376
717,Empresarial,415269.22,2022-12-19,True,GTQ,4105.1,409
718,Corriente,462677.85,2018-11-02,False,EUR,47581.32,471
719,Corriente,105714.93,2016-07-11,True,MXN,49602.09,516
720,Corriente,459779.24,2021-11-07,True,EUR,1247.79,92
721,Empresarial,260133.31,2024-02-28,True,USD,34753.52,735
722,Empresarial,120261.2,2016-07-12,False,GTQ,20084.82,957
723,Nómina,462105.57,2023-11-30,True,GTQ,24592.05,61
724,Inversión,471491.28,2022-03-12,True,GTQ,6692.26,381
725,Ahorro,305248.16,2024-06-18,False,GTQ,49071.69,673
726,Ahorro,157560.19,2019-10-17,True,GTQ,37449.54,233
727,Empresarial,26714.73,2021-05-21,True,USD,3148.66,474
728,Ahorro,404850.03,2021-08-28,True,GTQ,1225.57,496
729,Inversión,453034.87,2024-04-22,True,COP,29126.12,320
730,Nómina,355717.12,2022-11-03,True,USD,40725.68,145
731,Nómina,260999.3,2019-08-20,True,MXN,17886.08,610
732,Inversión,139586.37,2020-04-18,True,MXN,41980.29,91
733,Nómina,396536.46,2020-10-09,True,MXN,10907.04,319
734,Nómina,41412.97,2023-08-23,True,GTQ,13633.03,47
735,Corriente,175962.32,2021-04-18,False,USD,34545.52,71
736,Empresarial,446211.69,2017-05-23,True,MXN,13545.65,783
737,Corriente,168763.81,2016-09-12,False,COP,3963.3,883
738,Inversión,489508.9,2019-11-19,True,MXN,22942.43,603
739,Nómina,109592.8,2023-01-18,True,EUR,46616.5,516
740,Corriente,273626.52,2016-12-25,True,USD,19748.63,817
741,Inversión,203005.51,2016-07-18,True,EUR,17365.63,457
742,Empresarial,463513.29,2022-11-26,True,MXN,18645.2,635
743,Inversión,176284.37,2019-01-31,False,USD,11093.51,188
744,Ahorro,297073.9,2021-01-24,True,EUR,6249.87,506
745,Inversión,365336.87,2022-06-21,True,USD,5886.76,86
746,Ahorro,231403.59,2020-09-09,False,GTQ,30450.32,704
747,Ahorro,71247.87,2024-01-13,True,MXN,34416.88,56
748,Corriente,84178.23,2015-04-08,False,COP,19176.5,240
749,Inversión,408804.56,2018-01-02,True,USD,49912.33,915
750,Ahorro,333464.01,2017-01-16,False,EUR,39461.75,922
751,Nómina,178736.46,2015-09-01,True,USD,43136.65,778
752,Ahorro,39562.06,2016-03-30,True,USD,43278.36,953
753,Corriente,453262.15,2018-11-22,True,MXN,32052.11,633
754,Inversión,16092.11,2018-03-03,True,MXN,5894.76,454
755,Corriente,422277.95,2020-03-14,True,EUR,35706.55,605
756,Inversión,321992.26,2017-08-02,True,GTQ,1476.41,403
757,Inversión,478700.57,2021-12-22,True,EUR,38870.21,13
758,Corriente,345045.68,2021-06-29,True,GTQ,14594.27,130
759,Ahorro,439155.61,2019-10-21,True,COP,30967.16,996
760,Inversión,32298.29,2021-02-01,True,COP,45583.01,979
761,Corriente,495243.78,2018-10-11,True,COP,18599.53,779
762,Corriente,454660.35,2022-09-10,True,USD,3239.53,398
763,Ahorro,16725.51,2019-07-28,False,COP,47087.94,14
764,Ahorro,198951.95,2019-10-22,True,GTQ,27790.03,735
765,Empresarial,238802.57,2015-06-30,True,MXN,25546.74,712
766,Corriente,358356.56,2017-06-11,True,COP,42565.62,315
767,Nómina,349474.75,2019-03-16,True,GTQ,1136.18,503
768,Empresarial,188550.78,2024-07-05,True,EUR,17076.49,224
769,Corriente,316478.26,2024-04-16,True,GTQ,25168.28,389
770,Inversión,127626.43,2019-05-22,True,EUR,6182.63,551
771,Inversión,91966.75,2015-09-08,True,COP,35420.37,154
772,Corriente,394659.48,2018-06-14,True,GTQ,4417.46,755
773,Ahorro,285701.71,2022-03-19,False,GTQ,18452.31,6
774,Nómina,277937.35,2019-08-23,True,USD,1683.28,908
775,Ahorro,44284.29,2019-05-28,False,USD,39934.34,632
776,Ahorro,140866.78,2022-08-10,True,MXN,17370.07,898
777,Nómina,278286.13,2021-02-02,False,EUR,43003.28,882
778,Corriente,43954.65,2021-08-27,False,EUR,9206.87,48
779,Corriente,476630.3,2017-09-11,False,USD,40069.64,906
780,Corriente,228840.81,2018-12-19,True,GTQ,13535.89,475
781,Ahorro,347482.03,2016-05-31,True,MXN,6612.19,821
782,Inversión,420942.68,2017-07-13,True,USD,10263.21,718
783,Corriente,49577.43,2023-12-02,True,GTQ,18276.01,933
784,Nómina,392859.61,2020-11-09,False,GTQ,34633.38,580
785,Ahorro,216924.05,2023-09-01,True,COP,22389.99,549
786,Inversión,166224.64,2021-03-05,True,COP,44155.5,583
787,Empresarial,345164.67,2020-04-10,True,GTQ,19704.27,530
788,Ahorro,354443.98,2023-06-01,True,USD,24458.76,784
789,Nómina,429054.24,2015-10-03,False,COP,47187.64,521
790,Nómina,239847.97,2016-12-07,True,EUR,48110.8,319
791,Ahorro,328712.53,2020-10-05,True,USD,36396.74,489
792,Corriente,709.45,2016-12-28,True,COP,15432.73,131
793,Corriente,67721.61,2016-09-28,True,EUR,5345.35,286
794,Empresarial,493702.75,2022-05-06,True,USD,46303.18,881
795,Nómina,373911.55,2015-09-28,False,EUR,29286.44,728
796,Corriente,350580.28,2022-07-20,True,GTQ,7251.45,650
797,Corriente,489339.9,2018-02-08,True,USD,42766.39,134
798,Empresarial,249063.71,2024-07-15,True,GTQ,12941.26,736
799,Corriente,20810.27,2023-09-17,True,COP,5583.32,344
800,Ahorro,203638.28,2019-06-10,True,GTQ,34426.91,845
801,Ahorro,172282.73,2023-11-23,True,MXN,23388.98,365
802,Empresarial,451556.37,2016-01-29,True,USD,38627.35,701
803,Ahorro,325915.46,2021-09-16,True,MXN,34449.18,833
804,Ahorro,234891.26,2019-03-29,True,USD,29519.97,979
805,Nómina,109163.07,2023-10-22,True,EUR,13149.13,989
806,Nómina,410606.86,2015-10-01,False,MXN,8947.92,582
807,Ahorro,400749.07,2017-04-11,True,MXN,24855.55,514
808,Ahorro,183509.56,2021-04-01,True,MXN,42230.3,930
809,Empresarial,230306.24,2023-06-12,True,MXN,12459.53,404
810,Corriente,42147.92,2020-09-28,False,EUR,18721.85,311
811,Nómina,143541.17,2023-07-23,True,EUR,33145.33,452
812,Empresarial,195818.97,2017-03-15,True,COP,38740.3,735
813,Corriente,283819.69,2018-11-09,True,EUR,32713.94,386
814,Corriente,226862.31,2016-06-14,True,MXN,7599.79,904
815,Ahorro,44320.98,2016-08-24,True,USD,39505.69,682
816,Corriente,459825.61,2023-04-15,True,COP,35075.89,273
817,Corriente,50795.79,2020-10-09,True,COP,37012.66,972
818,Nómina,475190.47,2021-12-05,True,COP,46584.95,152
819,Corriente,362205.01,2024-03-15,True,COP,28973.79,390
820,Inversión,110379.51,2021-04-11,True,USD,44480.72,738
821,Inversión,473622.63,2017-02-03,True,GTQ,18868.85,242
822,Corriente,122836.74,2017-04-08,True,USD,4799.87,724
823,Inversión,424184.91,2020-12-06,False,MXN,2371.48,737
824,Inversión,184960.49,2020-03-27,False,COP,34081.84,512
825,Inversión,398053.41,2019-07-03,True,EUR,47402.48,370
826,Corriente,218349.41,2021-04-30,False,EUR,20258.35,954
827,Nómina,388482.68,2019-04-15,True,MXN,11222.47,288
828,Corriente,39631.42,2018-11-06,True,EUR,2084.17,715
829,Ahorro,286385.99,2024-05-28,True,COP,5289.38,350
830,Corriente,380232.87,2021-09-06,True,EUR,39539.84,381
831,Nómina,190705.3,2018-05-22,False,USD,6529.24,945
832,Corriente,6871.76,2024-10-03,True,USD,12740.27,796
833,Nómina,493650.84,2017-12-24,True,MXN,7004.45,834
834,Inversión,26414.3,2022-06-27,True,COP,29592.54,254
835,Corriente,470485.22,2024-02-27,True,EUR,39060.83,908
836,Inversión,106824.14,2024-01-30,True,MXN,28761.99,226
837,Empresarial,113080.14,2022-08-20,True,GTQ,27173.74,703
838,Ahorro,247891.64,2020-12-14,True,USD,7962.35,124
839,Ahorro,184243.33,2021-02-26,False,GTQ,45891.36,571
840,Inversión,159235.99,2017-05-06,True,EUR,37217.09,181
841,Empresarial,444601.15,2020-09-01,False,EUR,14085.91,697
842,Empresarial,24399.85,2020-07-29,True,USD,43614.99,957
843,Ahorro,345781.34,2019-08-11,True,USD,11905.66,456
844,Empresarial,226537.88,2021-06-22,False,MXN,34416.46,417
845,Corriente,97570.1,2015-01-14,True,EUR,45640.31,662
846,Ahorro,462507.69,2022-01-21,True,USD,40869.9,955
847,Nómina,31534.61,2019-02-14,True,COP,33255.98,47
848,Ahorro,12756.09,2016-09-14,False,USD,36744.92,68
849,Inversión,93235.66,2020-03-11,True,GTQ,21845.71,619
850,Inversión,113431.91,2021-06-07,True,USD,38390.13,542
851,Ahorro,247239.13,2016-11-04,True,USD,6959.53,388
852,Nómina,172997.02,2022-12-14,True,COP,39002.71,181
853,Ahorro,300506.43,2017-02-02,False,USD,17854.5,737
854,Inversión,483183.47,2018-12-13,True,USD,8269.57,155
855,Empresarial,113497.03,2021-11-27,True,COP,30566.1,179
856,Ahorro,143735.97,2024-07-25,False,USD,39311.08,231
857,Corriente,113395.92,2019-10-15,True,COP,18150.4,36
858,Empresarial,198608.3,2015-07-20,False,GTQ,26061.08,399
859,Nómina,248967.32,2016-05-09,True,USD,19675.52,102
860,Ahorro,245746.96,2016-09-30,False,GTQ,18356.82,866
861,Nómina,111208.46,2021-04-05,True,GTQ,48219.22,505
862,Empresarial,461529.14,2023-07-19,True,COP,43116.94,799
863,Empresarial,239290.34,2018-08-21,False,EUR,7420.18,215
864,Corriente,491077.93,2016-09-17,True,USD,46062.49,521
865,Ahorro,317406.74,2023-06-17,True,EUR,49859.78,355
866,Nómina,495195.73,2024-08-15,True,USD,9753.27,982
867,Inversión,202573.18,2019-03-25,True,COP,49652.24,346
868,Corriente,185858.15,2015-07-21,False,USD,41822.69,651
869,Empresarial,432260.18,2017-09-29,True,GTQ,27047.06,279
870,Empresarial,341868.74,2020-07-07,True,GTQ,41555.98,7
871,Empresarial,334534.29,2017-07-27,True,GTQ,33006.86,332
872,Corriente,6874.67,2022-05-27,True,USD,38963.65,179
873,Empresarial,330583.12,2020-09-14,True,MXN,12232.69,849
874,Empresarial,328459.8,2019-05-01,True,EUR,36794.38,810
875,Empresarial,22611.96,2018-07-28,True,COP,4563.35,179
876,Ahorro,184206.89,2019-10-20,True,GTQ,4797.17,785
877,Inversión,165041.16,2018-01-17,True,COP,46733.92,94
878,Nómina,360476.17,2021-08-23,True,COP,16730.99,561
879,Empresarial,178940.58,2017-01-27,True,MXN,40367.98,831
880,Corriente,9178.26,2016-11-22,False,USD,33666.51,73
881,Nómina,433451.92,2020-07-25,True,USD,36719.24,92
882,Corriente,153809.75,2017-04-06,True,MXN,45390.91,636
883,Empresarial,231432.43,2021-05-09,False,MXN,2780.45,978
884,Nómina,237335.78,2015-10-31,True,MXN,25036.93,496
885,Corriente,40043.47,2021-10-01,True,USD,22454.61,399
886,Ahorro,230245.09,2018-10-21,False,COP,21597.47,243
887,Corriente,470358.24,2022-09-06,True,USD,6649.12,94
888,Empresarial,164474.95,2017-02-10,True,COP,33933.56,805
889,Nómina,318503.4,2017-01-14,True,GTQ,8091.85,163
890,Ahorro,293088.14,2018-12-12,True,EUR,24828.21,388
891,Inversión,496594.34,2021-04-25,False,EUR,24516.96,729
892,Ahorro,695.19,2019-09-20,False,MXN,16002.35,558
893,Empresarial,248256.26,2018-05-04,False,COP,23056.81,317
894,Ahorro,209952.82,2017-04-04,False,EUR,21904.89,35
895,Inversión,428964.68,2015-05-16,True,MXN,12968.93,323
896,Corriente,235182.86,2015-06-04,False,EUR,28687.27,632
897,Corriente,481446.74,2019-12-13,True,GTQ,44253.86,580
898,Inversión,68762.86,2022-10-21,False,USD,16733.71,51
899,Inversión,296822.87,2023-01-24,True,USD,19032.34,113
900,Corriente,264555.2,2020-03-10,False,USD,21901.76,241
901,Ahorro,426677.35,2021-11-20,True,COP,31417.48,574
902,Nómina,381748.99,2021-11-10,False,EUR,46207.56,424
903,Empresarial,124082.04,2018-09-15,True,EUR,37521.12,315
904,Inversión,392803.74,2023-11-17,True,COP,6944.3,584
905,Nómina,294585.22,2023-06-12,True,EUR,14513.61,462
906,Inversión,113284.83,2024-11-17,True,MXN,13925.92,539
907,Nómina,85751.54,2017-07-08,True,COP,17081.21,431
908,Corriente,302758.83,2020-05-07,True,COP,33781.39,546
909,Nómina,291360.19,2018-01-09,True,USD,8726.97,991
910,Ahorro,498853.41,2023-07-11,False,USD,3998.99,178
911,Ahorro,430224.59,2023-07-17,True,MXN,17014.35,921
912,Nómina,173939.05,2018-03-21,False,EUR,17497.23,820
913,Nómina,66042.65,2023-09-21,True,GTQ,12977.26,44
914,Inversión,139141.02,2019-11-08,True,MXN,46516.12,152
915,Nómina,111800.69,2015-08-12,True,USD,44964.7,896
916,Inversión,53407.38,2023-09-25,True,USD,36958.1,473
917,Inversión,429249.99,2024-09-10,True,COP,35641.96,402
918,Corriente,165450.61,2018-10-13,False,GTQ,28213.48,441
919,Ahorro,461356.67,2021-11-01,True,GTQ,13793.48,370
920,Nómina,149242.48,2017-11-28,True,MXN,20006.43,87
921,Ahorro,111488.86,2021-01-29,True,GTQ,44365.88,304
922,Corriente,95327.8,2019-07-27,True,USD,2640.79,255
923,Corriente,155082.68,2018-04-14,True,EUR,20922.3,672
924,Ahorro,9456.41,2017-08-08,False,COP,21368.58,760
925,Empresarial,390737.33,2021-01-21,True,GTQ,28056.28,924
926,Inversión,355406.74,2016-07-30,True,MXN,37909.9,983
927,Ahorro,76580.02,2024-01-10,True,MXN,22469.55,293
928,Ahorro,232961.52,2017-02-10,True,EUR,11184.13,327
929,Ahorro,77667.36,2021-01-06,True,GTQ,9005.11,835
930,Nómina,304790.02,2018-02-22,False,MXN,17578.68,460
931,Inversión,364943.37,2023-06-15,True,USD,10851.05,533
932,Corriente,311841.88,2017-08-15,True,USD,1795.84,339
933,Empresarial,286851.09,2016-03-17,True,USD,44012.92,236
934,Ahorro,109807.85,2017-11-04,False,MXN,22607.69,752
935,Ahorro,335196.73,2019-10-19,False,EUR,46707.92,11
936,Empresarial,427965.8,2016-08-04,False,COP,30888.1,769
937,Inversión,124636.82,2023-05-24,True,USD,14621.71,380
938,Corriente,28119.42,2016-12-09,True,COP,28250.3,265
939,Empresarial,85396.6,2015-04-29,True,EUR,36120.2,974
940,Corriente,23428.69,2021-01-21,True,MXN,4336.97,996
941,Nómina,404768.76,2023-12-10,True,GTQ,23256.73,167
942,Corriente,330992.51,2016-06-26,True,GTQ,44172.92,60
943,Empresarial,407180.67,2023-02-06,False,EUR,33367.14,560
944,Empresarial,364850.69,2016-02-21,False,MXN,16734.63,267
945,Empresarial,53024.84,2023-10-28,True,EUR,3452.28,369
946,Nómina,113772.26,2024-10-13,False,USD,39642.37,481
947,Corriente,169805.25,2024-10-12,True,USD,8622.04,614
948,Ahorro,401351.96,2021-07-23,True,MXN,20315.94,547
949,Inversión,356334.51,2020-09-08,True,USD,24787.92,643
950,Corriente,225739.62,2023-08-18,True,USD,5886.75,87
951,Ahorro,489665.28,2016-05-03,False,COP,3056.22,714
952,Inversión,491261.85,2021-03-14,False,COP,3449.83,939
953,Ahorro,227261.86,2015-07-22,False,EUR,34985.71,818
954,Corriente,299172.29,2018-12-14,True,COP,48609.6,633
955,Inversión,347253.02,2016-12-30,True,GTQ,25205.6,177
956,Corriente,71138.28,2020-07-09,False,EUR,13238.89,571
957,Empresarial,90975.77,2015-03-29,True,EUR,8333.02,116
958,Empresarial,88156.17,2022-08-13,True,EUR,29964.03,662
959,Empresarial,425013.69,2017-02-26,True,GTQ,34925.45,837
960,Corriente,101258.1,2018-04-02,True,EUR,22698.11,927
961,Ahorro,152436.16,2024-06-05,False,COP,30361.8,945
962,Inversión,5970.61,2020-03-18,True,USD,1505.9,384
963,Nómina,341589.97,2023-08-04,True,GTQ,30991.79,896
964,Inversión,94814.3,2022-08-24,False,MXN,13611.55,719
965,Corriente,198690.75,2022-02-12,True,USD,47433.8,613
966,Inversión,207116.01,2018-01-02,True,MXN,46142.81,486
967,Inversión,397415.72,2016-10-17,True,COP,8526.94,429
968,Ahorro,442922.54,2018-12-01,True,USD,40666.54,138
969,Ahorro,327094.5,2021-06-03,True,USD,30033.93,120
970,Ahorro,161357.9,2024-09-11,False,USD,3060.03,606
971,Inversión,157970.74,2022-06-16,False,USD,22358.69,475
972,Corriente,322911.73,2016-12-06,True,USD,3094.52,387
973,Ahorro,167678.73,2017-11-27,True,COP,17642.48,200
974,Corriente,361953.3,2017-07-02,True,GTQ,14357.96,548
975,Corriente,352215.8,2016-10-05,True,GTQ,9662.23,156
976,Ahorro,474883.43,2016-12-09,True,EUR,37709.98,524
977,Ahorro,355643.28,2021-01-13,True,MXN,27628.55,549
978,Empresarial,495717.83,2018-05-05,True,GTQ,38415.22,113
979,Nómina,163425.64,2021-03-28,True,MXN,16155.89,313
980,Corriente,418602.12,2022-07-22,True,GTQ,39936.01,182
981,Nómina,464041.52,2020-08-01,False,COP,24541.64,852
982,Inversión,260438.41,2023-09-14,False,MXN,14806.68,892
983,Empresarial,374492.27,2023-09-10,True,COP,22331.88,133
984,Corriente,148167.53,2017-01-08,True,COP,7904.56,953
985,Empresarial,404350.79,2017-01-03,True,USD,9968.06,313
986,Ahorro,22831.52,2016-10-30,True,COP,11630.95,996
987,Ahorro,140774.11,2020-06-12,True,GTQ,24081.91,630
988,Empresarial,76796.78,2023-07-12,False,COP,30861.11,628
989,Inversión,287726.12,2020-11-27,True,USD,26170.68,204
990,Ahorro,367704.39,2015-03-23,True,USD,43883.99,433
991,Empresarial,10566.29,2022-09-19,True,GTQ,4057.01,357
992,Corriente,374023.07,2021-01-17,True,USD,27654.62,194
993,Ahorro,2024.04,2022-01-31,True,EUR,40671.04,277
994,Corriente,443159.33,2017-08-20,True,EUR,28104.39,166
995,Empresarial,421241.4,2021-11-27,True,COP,38598.01,64
996,Ahorro,225605.82,2020-12-27,False,USD,41309.11,775
997,Empresarial,466787.84,2024-08-14,True,USD,42347.99,911
998,Corriente,441018.86,2020-08-16,False,USD,11510.02,496
999,Empresarial,450074.13,2015-12-08,True,GTQ,44280.37,987
1000,Nómina,456534.17,2023-05-31,False,USD,20484.82,108
1001,Corriente,217083.31,2018-06-02,True,GTQ,48684.23,195
1002,Corriente,331945.62,2023-11-15,True,USD,45103.38,735
1003,Nómina,76262.05,2022-07-19,True,EUR,44987.86,473
1004,Nómina,364188.62,2015-09-17,False,EUR,35704.11,783
1005,Ahorro,203089.7,2020-05-29,False,MXN,5653.62,45
1006,Empresarial,377783.27,2023-02-10,True,COP,9185.36,651
1007,Nómina,261371.07,2024-08-08,True,USD,38745.9,637
1008,Corriente,233597.73,2019-12-27,False,GTQ,23571.57,516
1009,Ahorro,176236.41,2021-08-27,False,COP,42808.21,659
1010,Corriente,270554.79,2018-05-09,True,MXN,9731.56,692
1011,Ahorro,495338.81,2024-03-20,True,MXN,19466.65,713
1012,Empresarial,266979.9,2023-07-26,True,COP,43624.0,589
1013,Ahorro,69269.07,2020-01-10,True,EUR,31220.39,608
1014,Nómina,445565.45,2016-10-27,True,EUR,11952.27,280
1015,Empresarial,314174.46,2015-02-06,False,EUR,44443.13,594
1016,Nómina,11335.16,2018-01-03,False,USD,38476.78,422
1017,Empresarial,295173.81,2018-06-01,True,MXN,29130.62,406
1018,Empresarial,10894.68,2015-01-16,False,EUR,34614.08,510
1019,Inversión,279619.07,2022-09-09,True,MXN,14514.18,977
1020,Nómina,96851.27,2021-10-27,True,GTQ,21136.72,249
1021,Inversión,419463.96,2020-10-26,True,USD,20534.73,596
1022,Nómina,404232.79,2016-03-13,False,EUR,39043.88,547
1023,Ahorro,132684.03,2018-07-18,True,COP,9166.6,656
1024,Nómina,403121.15,2024-10-27,True,EUR,48277.78,122
1025,Ahorro,82096.8,2016-07-25,False,GTQ,20438.67,297
1026,Nómina,300954.47,2015-09-08,True,COP,9777.93,548
1027,Inversión,179348.77,2016-03-03,True,GTQ,28257.82,553
1028,Nómina,277816.7,2024-10-23,True,EUR,24640.91,683
1029,Nómina,275577.51,2021-12-09,False,EUR,41836.97,762
1030,Ahorro,276710.77,2019-08-31,True,GTQ,8319.49,984
1031,Empresarial,394172.56,2015-02-22,True,GTQ,11429.85,696
1032,Inversión,360129.9,2023-07-10,False,GTQ,30016.52,891
1033,Nómina,178009.89,2017-04-12,True,EUR,19982.73,100
1034,Nómina,130603.51,2021-05-04,True,MXN,48958.65,681
1035,Inversión,216053.4,2021-05-21,True,COP,38297.33,936
1036,Ahorro,326848.48,2020-12-14,False,USD,21307.82,659
1037,Ahorro,15711.88,2022-01-28,True,MXN,19245.7,705
1038,Ahorro,23897.96,2018-01-16,True,EUR,47535.0,259
1039,Corriente,300766.35,2015-06-27,False,MXN,14438.68,352
1040,Empresarial,279357.18,2019-06-30,True,USD,15743.29,40
1041,Empresarial,70967.51,2023-09-23,True,GTQ,16856.76,353
1042,Nómina,298718.53,2024-10-12,False,USD,16455.89,436
1043,Corriente,92199.98,2024-08-03,True,GTQ,30840.43,340
1044,Corriente,107805.88,2022-02-14,True,MXN,39863.28,265
1045,Empresarial,153720.86,2019-05-12,True,COP,15140.11,805
1046,Inversión,186245.47,2017-07-01,False,EUR,9365.4,869
1047,Corriente,267235.34,2018-07-04,True,MXN,41691.4,993
1048,Corriente,143806.18,2023-03-04,True,USD,5979.74,719
1049,Nómina,28272.67,2023-04-24,True,MXN,7258.56,190
1050,Ahorro,465266.09,2015-10-06,False,USD,46233.65,656
1051,Corriente,316690.33,2020-03-12,False,USD,21854.34,278
1052,Nómina,321304.77,2023-03-16,True,COP,17978.75,329
1053,Inversión,277116.51,2016-12-01,True,COP,33761.08,175
1054,Inversión,70057.56,2024-08-20,True,GTQ,20897.93,515
1055,Inversión,244677.84,2021-11-23,True,MXN,4261.45,345
1056,Ahorro,264593.6,2022-02-21,True,EUR,16117.18,95
1057,Inversión,224173.6,2018-06-12,True,MXN,12285.73,375
1058,Corriente,178375.34,2016-08-01,True,MXN,43818.41,750
1059,Inversión,56156.28,2023-11-08,False,GTQ,18463.95,308
1060,Nómina,229785.22,2017-11-30,True,COP,10955.55,342
1061,Corriente,244216.36,2020-12-28,True,USD,10566.55,543
1062,Corriente,210700.52,2024-10-19,True,USD,12742.65,660
1063,Nómina,459230.24,2017-01-16,False,GTQ,26136.01,519
1064,Nómina,444823.26,2024-02-09,True,EUR,39925.79,492
1065,Nómina,237661.4,2015-02-09,True,COP,22304.95,324
1066,Ahorro,156799.12,2016-05-15,False,EUR,21021.09,852
1067,Corriente,463298.43,2023-03-05,True,MXN,40796.22,804
1068,Nómina,25096.27,2020-09-27,True,EUR,21817.93,490
1069,Corriente,146339.43,2024-09-30,False,MXN,5293.49,491
1070,Empresarial,371179.15,2016-10-27,False,COP,46674.98,318
1071,Corriente,105029.08,2019-06-11,True,COP,30625.46,264
1072,Empresarial,314589.58,2019-10-28,True,EUR,3580.26,602
1073,Nómina,292960.04,2015-04-29,True,GTQ,3362.99,610
1074,Nómina,170208.14,2017-07-22,True,COP,45390.12,853
1075,Inversión,81946.54,2022-11-24,True,COP,30128.1,680
1076,Nómina,145325.64,2018-03-23,True,EUR,20103.26,754
1077,Nómina,388261.85,2018-05-03,False,COP,19164.9,175
1078,Nómina,455428.25,2019-02-28,False,EUR,32120.36,585
1079,Inversión,377141.44,2016-06-01,True,COP,3515.76,147
1080,Ahorro,220609.58,2021-07-19,False,COP,30850.93,919
1081,Ahorro,410018.84,2018-05-10,True,COP,45457.89,463
1082,Ahorro,231114.84,2018-09-06,True,EUR,46346.59,831
1083,Ahorro,394974.79,2023-11-30,True,MXN,25320.65,895
1084,Corriente,261583.84,2019-05-22,True,GTQ,9929.04,223
1085,Ahorro,105039.03,2020-08-21,True,MXN,42597.14,117
1086,Ahorro,289103.31,2021-11-02,False,COP,4909.53,968
1087,Inversión,288261.23,2024-12-14,True,COP,33177.87,888
1088,Nómina,315174.5,2016-11-14,True,MXN,23932.51,49
1089,Inversión,157879.89,2021-04-13,False,MXN,29674.85,227
1090,Inversión,44806.19,2024-04-18,True,COP,27384.59,22
1091,Empresarial,480596.28,2015-02-18,True,USD,7200.29,405
1092,Ahorro,373089.79,2016-05-12,True,COP,12815.42,599
1093,Ahorro,5316.57,2024-08-13,True,COP,49253.18,315
1094,Corriente,323194.52,2018-07-14,True,GTQ,12924.12,437
1095,Ahorro,287026.49,2022-09-27,True,COP,40082.45,877
1096,Nómina,358617.71,2015-06-24,True,EUR,3988.83,139
1097,Inversión,106167.49,2020-03-03,True,MXN,4414.26,352
1098,Nómina,248145.06,2019-04-02,False,USD,45835.62,81
1099,Corriente,345134.54,2020-09-18,False,COP,13021.96,362
1100,Corriente,399259.73,2015-09-05,True,EUR,27683.08,999
1101,Empresarial,45264.75,2022-02-05,True,MXN,33617.3,89
1102,Inversión,430401.01,2024-03-14,False,USD,29654.38,582
1103,Corriente,178598.47,2023-11-10,True,GTQ,19611.71,253
1104,Empresarial,478263.75,2021-11-17,True,USD,42077.64,933
1105,Corriente,235821.24,2017-01-14,False,GTQ,42907.76,558
1106,Nómina,210969.92,2023-08-03,False,MXN,1229.61,937
1107,Corriente,147563.13,2020-11-04,True,MXN,40554.66,263
1108,Ahorro,408518.41,2022-08-29,False,GTQ,2713.13,108
1109,Nómina,499588.07,2020-03-06,True,USD,17403.34,894
1110,Inversión,204856.41,2017-12-23,True,EUR,48203.39,39
1111,Corriente,334672.48,2021-02-17,True,USD,25030.33,220
1112,Ahorro,132102.98,2020-06-16,False,USD,21688.81,957
1113,Nómina,436194.0,2017-12-14,True,EUR,23211.09,542
1114,Nómina,115035.38,2018-07-22,True,GTQ,29191.88,589
1115,Ahorro,209252.7,2019-07-06,True,COP,31708.11,709
1116,Ahorro,284876.93,2016-12-10,True,COP,25948.23,784
1117,Inversión,435597.27,2023-06-18,True,GTQ,42928.25,243
1118,Inversión,268865.02,2020-02-02,True,MXN,7041.01,273
1119,Corriente,10734.36,2019-10-07,True,GTQ,38120.39,860
1120,Inversión,387852.27,2023-08-03,True,USD,15948.28,214
1121,Nómina,251988.01,2020-11-11,True,COP,25177.47,562
1122,Empresarial,221649.41,2023-05-20,True,COP,11899.79,240
1123,Corriente,202411.02,2023-07-14,False,MXN,1682.3,258
1124,Ahorro,116350.83,2015-02-04,True,COP,45744.07,965
1125,Inversión,96581.39,2024-04-05,False,GTQ,10128.2,131
1126,Empresarial,66706.81,2017-12-19,True,GTQ,46267.66,70
1127,Corriente,431191.99,2017-08-10,True,COP,2707.66,669
1128,Inversión,225160.1,2016-07-02,True,EUR,38140.13,68
1129,Ahorro,28392.89,2022-09-27,False,COP,42104.42,279
1130,Ahorro,282556.57,2016-10-15,True,EUR,49893.7,246
1131,Nómina,321658.95,2015-09-01,False,COP,16168.75,978
1132,Corriente,72184.77,2018-02-08,False,GTQ,29781.7,754
1133,Nómina,237387.25,2023-05-08,False,EUR,43411.96,589
1134,Empresarial,102422.58,2016-12-27,True,GTQ,49600.93,863
1135,Inversión,396746.12,2017-01-29,True,GTQ,13985.72,912
1136,Corriente,86278.43,2016-02-13,True,COP,41593.42,53
1137,Ahorro,96290.21,2019-04-17,False,GTQ,34689.57,221
1138,Ahorro,237498.08,2016-09-03,False,MXN,35028.47,174
1139,Ahorro,467131.63,2016-09-12,True,GTQ,30133.28,799
1140,Corriente,195522.77,2024-01-01,False,USD,4433.84,370
1141,Corriente,204694.15,2021-02-05,True,GTQ,17609.24,488
1142,Nómina,156562.94,2015-09-03,True,MXN,12926.36,342
1143,Nómina,482851.85,2015-04-17,False,USD,31151.46,92
1144,Corriente,376342.36,2015-05-22,False,USD,8852.14,112
1145,Corriente,270313.88,2019-04-09,True,COP,24158.09,78
1146,Empresarial,247857.57,2017-01-30,True,GTQ,40408.98,260
1147,Inversión,435082.38,2022-12-17,True,MXN,39825.01,508
1148,Ahorro,284782.76,2021-02-19,True,MXN,41877.49,466
1149,Inversión,153265.99,2019-07-26,True,USD,41427.58,778
1150,Inversión,146638.57,2023-10-27,True,USD,18666.75,96
1151,Empresarial,7796.84,2018-11-03,True,USD,45657.11,277
1152,Ahorro,71043.85,2023-03-20,True,COP,14308.26,760
1153,Empresarial,398938.37,2020-04-27,True,MXN,31234.18,214
1154,Corriente,210391.06,2022-01-06,True,EUR,5624.3,946
1155,Corriente,235215.35,2015-11-20,False,COP,41098.72,738
1156,Nómina,12150.81,2022-08-05,True,EUR,47452.91,848
1157,Inversión,292214.63,2018-12-07,True,MXN,2815.71,109
1158,Ahorro,287528.73,2016-03-28,True,COP,29490.67,862
1159,Ahorro,85447.69,2019-10-27,False,EUR,36892.83,822
1160,Nómina,442459.58,2017-11-11,False,COP,21970.03,900
1161,Nómina,337264.81,2016-06-03,True,MXN,19589.09,61
1162,Ahorro,250149.92,2018-01-07,True,MXN,13682.08,524
1163,Corriente,219217.17,2022-05-16,True,COP,6367.24,34
1164,Empresarial,145858.8,2024-06-28,True,GTQ,22421.98,45
1165,Ahorro,201891.59,2023-04-07,True,MXN,30788.54,748
1166,Corriente,416819.5,2023-10-23,True,USD,14651.52,276
1167,Nómina,218579.43,2020-01-14,True,COP,8728.3,230
1168,Nómina,482735.55,2019-08-08,True,EUR,22152.98,152
1169,Ahorro,84169.45,2016-11-12,True,MXN,34629.64,761
1170,Corriente,433123.34,2019-01-11,True,GTQ,44053.81,780
1171,Corriente,1088.97,2015-03-26,True,COP,26430.86,255
1172,Inversión,371913.99,2019-07-10,False,USD,30093.44,627
1173,Ahorro,1779.01,2020-11-04,True,GTQ,13354.01,416
1174,Ahorro,11669.01,2024-08-06,True,MXN,28818.15,760
1175,Corriente,410217.95,2016-07-22,False,USD,46757.12,760
1176,Nómina,336659.74,2023-09-03,False,COP,3191.74,10
1177,Nómina,397598.84,2018-10-11,True,COP,49460.61,974
1178,Ahorro,471407.09,2024-09-19,False,MXN,49998.77,398
1179,Corriente,20411.17,2015-04-05,True,USD,13203.02,122
1180,Ahorro,361533.96,2017-09-27,False,GTQ,46548.89,536
1181,Ahorro,159238.55,2022-06-05,True,EUR,17156.58,145
1182,Nómina,481430.09,2018-06-19,True,GTQ,10266.52,267
1183,Ahorro,34299.95,2017-04-13,True,USD,14608.97,421
1184,Ahorro,223294.2,2019-03-17,True,EUR,29518.23,721
1185,Inversión,431628.77,2019-11-05,False,USD,36089.59,98
1186,Ahorro,275313.17,2017-12-29,True,USD,35610.66,553
1187,Ahorro,344390.29,2016-09-15,True,USD,26153.61,611
1188,Inversión,484076.18,2016-09-03,False,USD,2650.35,355
1189,Nómina,443632.56,2020-07-28,True,EUR,45336.89,479
1190,Corriente,394855.35,2019-01-08,True,MXN,16267.08,974
1191,Corriente,172285.96,2020-02-05,True,GTQ,15438.3,164
1192,Nómina,47441.15,2023-08-27,True,COP,35359.76,110
1193,Nómina,58186.06,2019-09-11,True,USD,39528.79,998
1194,Inversión,173041.19,2015-03-15,True,MXN,6606.69,33
1195,Ahorro,232377.67,2016-12-09,True,GTQ,13960.61,419
1196,Ahorro,26985.67,2016-06-07,True,COP,8022.89,89
1197,Ahorro,44956.56,2024-11-09,True,USD,49196.85,131
1198,Nómina,367530.55,2022-01-12,False,GTQ,18191.53,129
1199,Ahorro,327466.49,2017-12-19,True,GTQ,25390.17,440
1200,Empresarial,375739.91,2017-07-08,True,EUR,19709.95,48
1201,Inversión,327580.27,2016-08-14,False,MXN,49391.21,873
1202,Inversión,191471.39,2015-04-14,True,COP,5317.52,243
1203,Ahorro,183038.88,2023-01-24,True,EUR,25099.09,153
1204,Inversión,117515.74,2021-04-05,False,GTQ,25067.28,420
1205,Nómina,84621.56,2018-07-25,True,USD,41476.46,685
1206,Corriente,197181.12,2015-01-16,False,MXN,35476.03,397
1207,Inversión,465947.97,2023-10-13,False,USD,42940.36,283
1208,Ahorro,478200.69,2021-12-20,False,MXN,42762.76,453
1209,Nómina,428144.0,2018-01-09,True,MXN,23886.99,83
1210,Corriente,289132.73,2022-03-02,True,EUR,1737.19,423
1211,Ahorro,403157.56,2018-05-27,False,EUR,48704.16,129
1212,Corriente,156672.18,2018-01-18,True,EUR,3628.73,744
1213,Empresarial,439364.7,2023-06-15,False,COP,8465.66,114
1214,Corriente,43531.64,2023-11-13,False,EUR,30625.46,770
1215,Inversión,81897.11,2017-11-17,True,GTQ,48524.93,676
1216,Inversión,400534.82,2022-03-17,True,GTQ,5952.69,728
1217,Nómina,246579.51,2017-03-12,True,COP,8190.83,256
1218,Ahorro,428601.55,2019-10-24,True,EUR,12042.02,694
1219,Nómina,394498.61,2020-08-11,True,GTQ,26883.52,284
1220,Nómina,400705.24,2021-01-07,True,MXN,20852.43,887
1221,Ahorro,173723.62,2016-02-07,True,GTQ,9905.5,165
1222,Inversión,155569.94,2022-05-13,True,GTQ,40305.21,191
1223,Corriente,431608.61,2016-04-30,False,GTQ,16236.81,762
1224,Nómina,211999.58,2024-03-28,True,MXN,7971.6,731
1225,Nómina,192586.77,2015-08-28,True,USD,4061.62,716
1226,Corriente,52606.78,2020-01-04,True,GTQ,5383.81,283
1227,Ahorro,469185.36,2017-05-09,True,MXN,40851.28,247
1228,Ahorro,375131.2,2020-07-26,True,COP,41309.15,781
1229,Nómina,207528.95,2023-10-03,True,MXN,44321.2,160
1230,Inversión,341903.08,2021-12-01,True,COP,13660.16,596
1231,Inversión,422715.96,2022-02-18,False,COP,17104.18,374
1232,Ahorro,314380.29,2015-11-12,True,MXN,17695.58,346
1233,Nómina,82907.67,2016-05-03,True,MXN,46208.57,572
1234,Nómina,338030.26,2024-05-21,False,COP,37489.19,483
1235,Corriente,389716.87,2021-09-18,True,USD,23929.46,969
1236,Empresarial,52981.23,2015-04-23,True,COP,24029.1,855
1237,Corriente,64976.26,2017-04-10,False,EUR,24574.97,794
1238,Ahorro,267783.37,2020-06-10,True,USD,2975.6,900
1239,Empresarial,279873.13,2016-03-10,True,USD,40115.18,561
1240,Ahorro,336900.83,2023-01-13,True,EUR,23810.58,994
1241,Nómina,15835.76,2016-11-26,True,EUR,10513.58,787
1242,Corriente,106722.31,2019-06-07,True,USD,48543.62,125
1243,Empresarial,292581.59,2023-11-08,False,COP,33775.59,392
1244,Nómina,176270.55,2020-02-11,True,MXN,33652.71,21
1245,Empresarial,400443.43,2022-08-26,True,GTQ,22409.6,707
1246,Ahorro,123029.32,2024-07-12,True,USD,5382.69,57
1247,Ahorro,419380.91,2018-05-06,True,MXN,4562.28,492
1248,Ahorro,108871.05,2019-01-30,True,COP,38575.34,915
1249,Corriente,141106.44,2017-05-17,True,COP,27371.49,228
1250,Nómina,68563.08,2021-01-28,True,COP,4231.96,25
1251,Ahorro,150783.74,2016-03-14,False,COP,40659.08,77
1252,Ahorro,158264.77,2017-07-25,True,USD,5945.77,934
1253,Ahorro,188590.79,2023-01-26,True,COP,49468.93,716
1254,Inversión,202199.51,2023-11-27,True,USD,33719.58,959
1255,Nómina,431264.63,2017-08-11,True,COP,5445.05,4
1256,Inversión,8636.28,2016-04-30,True,MXN,21609.94,788
1257,Corriente,245342.93,2024-03-13,False,GTQ,16682.81,253
1258,Nómina,168546.32,2023-05-08,True,USD,27754.42,79
1259,Empresarial,453812.93,2018-09-11,True,USD,12476.3,382
1260,Nómina,248925.49,2016-02-08,True,EUR,13720.27,386
1261,Ahorro,381237.37,2024-02-09,False,USD,12127.05,393
1262,Ahorro,76838.79,2023-10-28,True,MXN,38160.54,863
1263,Inversión,385873.77,2019-09-28,False,MXN,7925.97,367
1264,Ahorro,220827.32,2015-04-22,False,USD,3996.16,513
1265,Empresarial,61339.27,2019-04-23,True,MXN,27046.37,657
1266,Corriente,240629.1,2023-02-08,True,USD,5787.43,326
1267,Inversión,489352.2,2020-12-11,True,USD,44544.7,304
1268,Ahorro,420284.26,2020-08-23,True,MXN,33914.23,393
1269,Ahorro,81082.63,2016-12-08,True,EUR,38758.31,404
1270,Nómina,201473.04,2016-08-27,False,USD,28195.03,854
1271,Inversión,498516.15,2020-01-12,False,MXN,13282.91,11
1272,Empresarial,326386.06,2019-03-26,True,USD,24433.51,70
1273,Corriente,471545.26,2017-05-02,False,MXN,21460.88,142
1274,Inversión,301910.65,2017-06-11,False,COP,41958.88,622
1275,Ahorro,203277.84,2022-07-14,True,EUR,26333.61,959
1276,Nómina,496824.71,2021-08-19,True,USD,3819.18,343
1277,Inversión,388732.65,2017-11-29,True,EUR,39622.13,704
1278,Nómina,471800.76,2021-10-09,True,MXN,10800.73,429
1279,Ahorro,478500.85,2018-09-02,False,MXN,47625.69,796
1280,Ahorro,157203.87,2022-08-24,True,MXN,23061.36,755
1281,Empresarial,250145.79,2024-11-20,False,MXN,35823.32,353
1282,Inversión,79476.73,2024-07-15,True,COP,35518.72,29
1283,Corriente,415603.67,2020-11-28,True,USD,42408.83,489
1284,Corriente,430170.66,2023-05-29,True,MXN,36703.49,185
1285,Ahorro,353112.66,2016-12-19,True,MXN,6061.08,780
1286,Ahorro,417974.71,2024-04-23,True,MXN,21870.39,124
1287,Empresarial,53393.32,2016-11-04,True,EUR,8723.12,905
1288,Nómina,186037.26,2018-03-29,True,COP,20803.27,567
1289,Corriente,16287.73,2016-12-20,True,MXN,47812.34,9
1290,Corriente,292298.62,2024-01-17,True,USD,2449.81,185
1291,Empresarial,497451.41,2021-05-18,True,GTQ,49847.31,912
1292,Inversión,92273.92,2019-06-17,True,MXN,41612.44,63
1293,Empresarial,273228.96,2024-09-26,True,MXN,23763.1,909
1294,Ahorro,460803.42,2024-01-16,True,MXN,46268.69,457
1295,Ahorro,444097.31,2022-09-07,True,GTQ,15269.06,204
1296,Corriente,92456.35,2024-05-13,False,USD,13436.45,287
1297,Empresarial,288828.29,2024-07-25,True,MXN,8835.57,286
1298,Empresarial,216672.3,2017-09-16,True,COP,11892.33,577
1299,Ahorro,370742.33,2023-06-25,True,EUR,3982.41,903
1300,Inversión,307929.54,2021-11-14,True,GTQ,35245.16,225
1301,Nómina,112510.68,2020-03-07,True,MXN,9828.94,882
1302,Ahorro,80116.65,2021-06-03,True,MXN,11888.23,668
1303,Ahorro,149302.72,2023-08-30,False,GTQ,7146.49,441
1304,Empresarial,226335.99,2022-03-30,True,USD,23227.25,171
1305,Nómina,322296.19,2018-12-28,True,COP,24973.35,639
1306,Nómina,186880.01,2020-01-29,True,COP,43098.96,446
1307,Inversión,408050.66,2019-09-11,False,EUR,37923.33,867
1308,Ahorro,84906.11,2021-02-12,True,GTQ,28687.19,863
1309,Corriente,297551.43,2016-11-10,True,GTQ,45301.8,796
1310,Inversión,441070.14,2017-09-02,True,EUR,13693.36,587
1311,Ahorro,292432.31,2016-12-11,True,EUR,47898.8,254
1312,Corriente,86739.25,2016-11-18,True,EUR,4294.55,158
1313,Inversión,452943.51,2024-01-12,True,EUR,42821.84,61
1314,Ahorro,309134.07,2023-03-07,True,EUR,14900.32,816
1315,Ahorro,113095.56,2019-07-17,True,USD,31565.3,774
1316,Corriente,96454.78,2016-10-26,True,USD,20311.6,168
1317,Nómina,213434.69,2015-01-30,True,EUR,28652.2,759
1318,Nómina,499910.63,2017-08-02,True,USD,41751.01,808
1319,Inversión,376354.03,2016-01-06,True,COP,3819.08,799
1320,Inversión,375703.29,2019-05-28,True,COP,30456.03,138
1321,Ahorro,59040.41,2017-09-21,False,MXN,10706.31,493
1322,Empresarial,154564.1,2019-03-03,True,USD,4212.76,16
1323,Empresarial,91207.95,2023-09-09,True,GTQ,28751.5,924
1324,Empresarial,171014.72,2023-12-08,True,COP,7489.52,406
1325,Empresarial,38099.16,2017-07-27,True,MXN,19246.47,740
1326,Empresarial,64141.61,2019-10-01,True,MXN,16606.59,684
1327,Nómina,314814.7,2019-06-21,True,MXN,6041.4,928
1328,Corriente,350639.64,2024-12-25,False,GTQ,22979.87,785
1329,Corriente,13322.21,2021-05-28,True,COP,45216.9,323
1330,Corriente,135314.01,2017-02-21,True,GTQ,4076.94,708
1331,Corriente,430043.92,2018-12-23,True,EUR,5610.27,215
1332,Corriente,50273.72,2022-03-05,True,EUR,12650.38,862
1333,Ahorro,258760.62,2019-12-14,False,COP,23588.78,144
1334,Inversión,233122.27,2016-06-03,True,EUR,43138.51,158
1335,Ahorro,250909.02,2017-08-25,True,EUR,35320.19,553
1336,Ahorro,295391.31,2023-04-03,True,EUR,38811.38,495
1337,Empresarial,20819.53,2020-07-11,False,COP,10715.44,214
1338,Corriente,378801.09,2021-08-09,False,EUR,5668.48,894
1339,Nómina,471383.74,2016-11-10,True,MXN,36104.17,682
1340,Inversión,480021.5,2018-01-31,True,COP,17343.63,516
1341,Inversión,367646.92,2020-12-12,True,COP,9418.02,794
1342,Inversión,349765.42,2022-12-20,False,USD,20822.01,177
1343,Ahorro,369854.07,2017-12-26,False,MXN,7141.14,599
1344,Corriente,181270.06,2017-06-06,True,EUR,4927.5,600
1345,Empresarial,84469.63,2016-10-13,True,USD,43609.24,9
1346,Ahorro,266688.49,2018-12-15,False,USD,38089.71,308
1347,Empresarial,86134.46,2019-08-12,True,COP,38263.47,902
1348,Corriente,323094.93,2016-01-07,True,USD,13038.51,281
1349,Ahorro,143808.01,2021-06-06,True,COP,1560.79,14
1350,Nómina,351112.61,2019-09-07,False,USD,41742.29,455
1351,Ahorro,67276.0,2019-06-21,True,EUR,46009.48,914
1352,Inversión,414032.81,2015-08-04,True,MXN,10516.06,69
1353,Empresarial,417993.34,2022-04-04,True,GTQ,36141.65,630
1354,Ahorro,25046.14,2023-07-12,True,COP,11760.7,380
1355,Corriente,269417.78,2016-12-28,True,USD,15596.05,475
1356,Ahorro,43513.06,2021-08-21,True,MXN,42756.72,712
1357,Ahorro,209994.02,2015-03-29,True,MXN,24806.82,39
1358,Inversión,200047.13,2019-06-28,True,MXN,41716.72,57
1359,Empresarial,487810.67,2024-10-04,True,MXN,14787.63,726
1360,Nómina,356642.79,2018-12-20,True,GTQ,29049.7,234
1361,Empresarial,86814.73,2018-01-16,False,GTQ,22789.95,436
1362,Corriente,428709.11,2022-07-20,True,USD,49168.9,908
1363,Corriente,393271.71,2016-04-14,True,COP,13689.79,730
1364,Ahorro,482502.3,2018-05-12,True,USD,36055.39,399
1365,Inversión,138083.29,2024-02-29,True,GTQ,45854.27,202
1366,Empresarial,89420.69,2020-04-08,False,COP,18738.6,974
1367,Empresarial,447158.37,2023-06-08,True,MXN,43074.0,214
1368,Inversión,302242.14,2017-01-07,True,EUR,44119.98,829
1369,Ahorro,236743.4,2024-08-16,True,GTQ,26068.26,452
1370,Ahorro,499002.9,2024-05-16,False,COP,31159.29,194
1371,Corriente,149959.89,2017-01-18,True,USD,15064.53,225
1372,Empresarial,153895.46,2023-08-27,True,GTQ,38660.54,173
1373,Corriente,134407.25,2019-10-21,True,USD,25548.17,399
1374,Nómina,127838.66,2021-05-24,True,USD,18587.84,301
1375,Nómina,184924.59,2017-07-12,False,USD,21483.06,582
1376,Ahorro,140508.9,2020-03-30,True,USD,26270.17,752
1377,Inversión,31703.32,2015-02-19,True,COP,17606.27,513
1378,Inversión,312948.14,2018-07-05,False,EUR,9544.67,401
1379,Inversión,117304.47,2023-10-01,True,GTQ,29496.0,226
1380,Empresarial,266861.9,2017-12-08,False,GTQ,15931.51,867
1381,Empresarial,368545.9,2018-04-17,True,MXN,25754.25,929
1382,Nómina,131035.82,2017-05-19,False,GTQ,20412.79,385
1383,Ahorro,271161.88,2020-01-23,True,MXN,13563.95,425
1384,Empresarial,65773.66,2024-10-31,False,USD,20802.48,947
1385,Ahorro,183934.72,2018-05-01,True,COP,19265.58,530
1386,Nómina,285669.56,2015-09-02,True,MXN,24293.52,713
1387,Corriente,288474.65,2016-03-26,True,COP,16095.21,42
1388,Empresarial,324941.06,2024-05-23,False,GTQ,15212.74,242
1389,Inversión,206007.53,2024-11-22,False,GTQ,17535.59,38
1390,Corriente,352973.36,2019-12-25,True,MXN,30014.87,252
1391,Corriente,13622.18,2020-06-01,False,USD,2090.41,415
1392,Empresarial,350451.44,2024-12-14,True,COP,46717.78,188
1393,Corriente,210372.79,2024-12-15,False,COP,32476.28,795
1394,Ahorro,307192.75,2023-08-25,False,COP,32705.09,442
1395,Inversión,109093.19,2023-07-10,True,COP,40608.57,48
1396,Empresarial,235417.02,2017-04-20,False,USD,15929.32,833
1397,Corriente,348218.15,2022-10-11,False,MXN,2179.45,865
1398,Inversión,399430.1,2022-02-24,True,GTQ,42348.28,653
1399,Inversión,285543.75,2016-07-23,True,MXN,3875.45,664
1400,Nómina,211351.46,2022-11-07,True,COP,43351.61,700
1401,Empresarial,14966.8,2019-05-20,True,USD,42107.86,781
1402,Ahorro,201169.35,2016-10-29,True,MXN,10391.23,830
1403,Nómina,290719.03,2023-08-07,True,COP,41003.65,953
1404,Corriente,245319.98,2021-04-20,True,MXN,35418.97,989
1405,Corriente,386330.25,2017-08-13,False,GTQ,23419.52,937
1406,Ahorro,266993.34,2024-03-22,True,COP,13858.31,415
1407,Nómina,146039.17,2015-05-04,True,COP,27242.55,977
1408,Corriente,486240.83,2015-12-23,True,EUR,15821.86,656
1409,Nómina,346195.25,2016-04-07,True,EUR,38979.28,626
1410,Empresarial,224875.61,2019-04-08,True,GTQ,31229.58,840
1411,Nómina,219650.68,2015-01-09,True,EUR,49815.47,544
1412,Corriente,479299.15,2018-01-17,True,COP,45710.68,761
1413,Inversión,329378.61,2017-10-01,True,USD,39357.69,711
1414,Ahorro,233007.62,2021-01-15,True,MXN,24102.32,881
1415,Ahorro,193243.68,2019-03-24,True,USD,34212.24,352
1416,Nómina,289991.19,2023-06-22,True,GTQ,19601.07,872
1417,Inversión,441253.92,2021-07-07,True,COP,5564.53,2
1418,Corriente,469747.25,2023-09-09,True,GTQ,24321.75,960
1419,Nómina,488665.54,2019-08-16,True,GTQ,22867.06,50
1420,Corriente,15640.8,2022-01-20,True,COP,32390.47,887
1421,Ahorro,227185.37,2019-07-06,True,COP,9114.62,969
1422,Empresarial,275178.87,2022-04-21,True,EUR,42279.92,335
1423,Ahorro,330290.63,2015-03-20,False,USD,26300.67,676
1424,Nómina,482973.82,2021-05-03,True,MXN,31935.95,91
1425,Ahorro,209532.29,2015-01-09,False,COP,34585.73,737
1426,Nómina,442290.7,2019-04-26,True,USD,40190.64,416
1427,Empresarial,66302.61,2021-04-02,True,COP,7539.98,18
1428,Corriente,312487.73,2020-02-12,True,USD,49719.0,432
1429,Corriente,336291.67,2024-11-23,True,EUR,14196.85,334
1430,Nómina,190804.45,2022-04-20,True,EUR,17366.39,535
1431,Empresarial,450005.13,2015-11-29,True,GTQ,37053.45,303
1432,Corriente,149198.47,2022-05-17,True,USD,20983.27,20
1433,Nómina,45103.39,2016-10-01,True,MXN,18847.36,10
1434,Corriente,275704.72,2017-12-26,False,MXN,41322.99,950
1435,Ahorro,125037.8,2019-03-24,False,GTQ,7461.1,773
1436,Inversión,121217.3,2018-07-27,True,EUR,3059.4,364
1437,Corriente,349230.76,2019-10-07,True,COP,37941.06,717
1438,Nómina,407594.75,2023-11-09,True,EUR,34303.81,995
1439,Corriente,436864.61,2024-04-10,True,COP,27792.43,122
1440,Inversión,437151.72,2021-05-23,False,MXN,13189.71,379
1441,Inversión,469541.17,2019-06-27,False,USD,49954.07,984
1442,Corriente,115487.46,2015-06-07,False,MXN,40533.06,619
1443,Nómina,485080.99,2019-07-29,True,COP,4610.82,382
1444,Nómina,155274.93,2024-02-27,False,USD,7609.53,52
1445,Inversión,93079.03,2020-11-18,False,USD,9123.49,421
1446,Nómina,309979.31,2015-02-15,False,MXN,20509.6,990
1447,Empresarial,474319.0,2021-05-20,False,USD,10268.05,354
1448,Empresarial,305175.39,2021-08-13,True,COP,45825.84,618
1449,Nómina,124049.38,2018-08-06,False,MXN,28242.92,476
1450,Empresarial,225524.81,2017-02-06,True,MXN,1605.51,125
1451,Corriente,127477.99,2016-12-08,True,COP,47428.83,827
1452,Inversión,447616.88,2024-02-13,True,GTQ,17041.16,618
1453,Nómina,373043.23,2023-07-29,True,USD,49561.06,413
1454,Ahorro,14762.55,2015-09-30,True,EUR,3433.85,675
1455,Empresarial,464980.13,2016-08-24,True,EUR,37318.37,678
1456,Corriente,426468.24,2024-10-06,True,COP,4465.13,308
1457,Ahorro,8439.67,2020-10-16,False,EUR,8462.98,651
1458,Nómina,235091.65,2015-05-16,False,EUR,41808.34,393
1459,Inversión,79968.47,2023-10-25,True,EUR,45520.94,338
1460,Nómina,484813.53,2022-04-12,True,GTQ,26410.92,240
1461,Inversión,415842.25,2015-05-07,False,MXN,21977.25,966
1462,Ahorro,311230.39,2017-12-05,False,USD,45853.31,583
1463,Nómina,460616.37,2024-02-27,True,EUR,20712.61,135
1464,Ahorro,42679.01,2022-05-22,True,USD,31769.43,3
1465,Empresarial,307881.94,2019-08-03,True,COP,22100.06,342
1466,Empresarial,76552.31,2023-07-29,True,GTQ,16171.38,815
1467,Inversión,245427.18,2016-05-08,True,EUR,12051.38,75
1468,Corriente,241132.72,2021-12-09,True,MXN,5749.72,54
1469,Empresarial,245146.97,2017-03-15,True,GTQ,25320.12,994
1470,Inversión,31148.73,2019-09-13,True,COP,38327.96,184
1471,Ahorro,73391.72,2018-09-28,True,COP,10715.52,496
1472,Corriente,105062.6,2015-06-15,True,EUR,36856.36,830
1473,Inversión,425906.88,2018-06-25,True,MXN,15043.95,624
1474,Ahorro,389887.39,2020-07-13,False,GTQ,22752.64,982
1475,Nómina,208049.8,2016-06-11,True,EUR,49335.81,946
1476,Ahorro,345944.93,2020-04-10,False,EUR,4734.6,776
1477,Nómina,35739.09,2020-04-14,True,COP,42813.27,999
1478,Inversión,45005.23,2022-10-18,True,USD,43330.02,608
1479,Inversión,39320.65,2018-12-11,False,USD,48608.43,38
1480,Nómina,406990.13,2021-04-05,True,COP,1071.33,355
1481,Nómina,371019.61,2023-03-05,True,EUR,44864.68,463
1482,Inversión,135697.13,2023-12-24,False,EUR,13194.94,683
1483,Ahorro,460920.57,2015-07-12,False,MXN,1131.95,292
1484,Ahorro,293957.32,2024-04-18,True,EUR,16627.73,320
1485,Ahorro,269834.16,2015-03-17,True,COP,46232.85,729
1486,Nómina,74890.7,2015-11-30,True,USD,29839.75,404
1487,Corriente,383613.37,2023-04-13,True,USD,26173.33,938
1488,Nómina,277386.0,2022-09-04,True,GTQ,33343.5,547
1489,Nómina,6322.54,2019-05-24,True,USD,30795.94,347
1490,Ahorro,485415.99,2019-04-15,True,MXN,35755.41,212
1491,Corriente,361215.22,2018-11-04,False,USD,10804.29,955
1492,Corriente,302490.21,2020-04-02,True,EUR,42650.21,516
1493,Nómina,450011.36,2023-07-19,False,MXN,3086.0,738
1494,Nómina,279238.74,2015-06-24,True,GTQ,48973.35,733
1495,Ahorro,299782.65,2021-11-24,True,COP,42115.69,843
1496,Inversión,432839.79,2015-11-20,True,USD,34356.72,933
1497,Corriente,405397.36,2019-03-31,True,GTQ,17429.0,283
1498,Nómina,169317.83,2015-07-12,True,USD,40216.78,247
1499,Corriente,329103.98,2016-04-01,False,GTQ,15468.16,466
1500,Corriente,73455.35,2018-07-08,True,COP,45344.21,695
