id_usuario,id_transaccion,autorizacion,metodo_autorizacion,timestamp
763,1,False,Contraseña,2023-11-13
415,2,True,PIN,2023-03-11
759,3,False,PIN,2023-01-05
892,4,False,Contraseña,2025-08-06
591,5,True,OTP,2025-03-10
68,6,False,Contraseña,2024-10-07
735,7,True,OTP,2024-11-18
286,8,True,Biometrico,2023-06-02
768,9,True,PIN,2025-09-29
369,10,True,OTP,2025-08-30
731,11,False,Contraseña,2025-11-05
54,12,False,PIN,2025-07-25
930,13,True,Biometrico,2022-01-17
450,14,True,OTP,2023-02-25
736,15,True,Biometrico,2022-03-10
330,16,False,Contraseña,2024-01-17
10,17,False,Contraseña,2022-12-23
346,18,False,OTP,2023-04-03
984,19,True,Contraseña,2024-12-08
48,20,True,OTP,2023-09-04
346,21,True,Biometrico,2022-05-11
615,22,True,Contraseña,2025-08-13
466,23,True,Contraseña,2024-08-17
463,24,True,Contraseña,2023-03-26
729,25,True,PIN,2022-06-23
334,26,False,PIN,2022-08-12
763,27,True,Contraseña,2022-05-24
214,28,True,OTP,2022-06-26
603,29,True,PIN,2023-04-09
276,30,True,Biometrico,2025-04-05
377,31,True,OTP,2023-06-02
933,32,True,Contraseña,2022-08-22
193,33,True,PIN,2022-04-10
346,34,True,PIN,2025-07-27
560,35,False,OTP,2025-12-20
688,36,True,Biometrico,2023-11-12
35,37,True,PIN,2022-09-11
54,38,True,OTP,2024-09-29
729,39,True,PIN,2022-04-25
938,40,True,Contraseña,2023-11-07
857,41,True,Biometrico,2023-04-11
429,42,True,Contraseña,2023-02-02
828,43,False,Biometrico,2025-09-30
387,44,True,PIN,2022-04-23
653,45,False,OTP,2022-09-27
275,46,False,OTP,2022-04-02
415,47,False,OTP,2022-10-24
213,48,True,OTP,2023-02-28
716,49,True,Biometrico,2023-06-03
507,50,False,PIN,2025-12-04
830,51,True,OTP,2025-08-20
926,52,False,Contraseña,2022-02-02
20,53,True,OTP,2025-06-22
639,54,True,OTP,2022-03-13
553,55,True,OTP,2024-10-28
824,56,True,OTP,2023-07-16
382,57,True,Biometrico,2022-10-11
398,58,False,PIN,2022-08-28
977,59,False,Contraseña,2025-10-12
921,60,False,OTP,2025-01-04
741,61,False,PIN,2023-11-14
259,62,False,Contraseña,2024-10-19
71,63,False,OTP,2022-09-02
763,64,True,Biometrico,2025-08-14
719,65,True,Contraseña,2024-11-16
850,66,True,OTP,2023-08-30
322,67,False,Contraseña,2024-05-08
836,68,True,Contraseña,2022-07-15
472,69,True,Biometrico,2024-04-16
139,70,False,PIN,2023-10-14
98,71,True,Biometrico,2022-08-04
496,72,True,PIN,2023-03-11
736,73,True,Contraseña,2022-08-14
908,74,True,Contraseña,2024-03-11
990,75,True,PIN,2025-06-10
247,76,True,Biometrico,2023-03-09
596,77,True,Biometrico,2022-08-21
635,78,True,OTP,2025-07-18
188,79,False,Biometrico,2022-01-18
861,80,True,OTP,2023-03-12
324,81,False,PIN,2025-07-07
740,82,True,PIN,2024-07-12
343,83,False,Contraseña,2023-10-17
463,84,False,PIN,2023-08-17
730,85,True,Biometrico,2024-10-23
619,86,True,PIN,2023-06-19
380,87,False,PIN,2025-05-15
172,88,False,Biometrico,2024-03-03
220,89,False,Biometrico,2023-09-19
984,90,True,Contraseña,2024-11-20
680,91,False,PIN,2025-06-26
168,92,False,PIN,2023-07-28
974,93,True,Contraseña,2022-03-21
168,94,True,Contraseña,2025-04-02
989,95,True,PIN,2025-05-05
829,96,True,Biometrico,2023-12-09
684,97,False,OTP,2022-08-04
195,98,False,Biometrico,2023-01-19
892,99,True,Contraseña,2024-08-10
862,100,True,OTP,2022-04-15
236,101,False,Biometrico,2023-11-07
843,102,True,Biometrico,2022-11-30
867,103,False,OTP,2023-02-28
204,104,True,Contraseña,2024-08-10
292,105,True,Biometrico,2023-12-09
943,106,True,Contraseña,2025-03-30
715,107,True,PIN,2023-04-25
81,108,False,PIN,2022-07-27
796,109,False,OTP,2025-11-26
850,110,True,Biometrico,2023-04-05
661,111,True,PIN,2023-03-28
665,112,True,OTP,2025-12-10
596,113,True,PIN,2025-08-13
340,114,False,Biometrico,2023-09-15
613,115,True,Contraseña,2022-12-20
436,116,True,PIN,2022-12-30
9,117,True,Biometrico,2022-09-21
413,118,False,Biometrico,2022-06-30
862,119,False,PIN,2023-09-09
802,120,False,PIN,2023-09-27
292,121,False,PIN,2022-02-01
20,122,True,PIN,2024-04-14
110,123,False,Biometrico,2022-02-07
457,124,False,Biometrico,2024-03-07
476,125,False,Biometrico,2022-01-08
908,126,True,Biometrico,2023-05-21
44,127,True,Contraseña,2025-10-21
243,128,False,Contraseña,2023-04-20
797,129,True,PIN,2022-07-15
133,130,False,PIN,2025-07-23
311,131,True,Biometrico,2024-07-04
473,132,True,Contraseña,2022-12-19
33,133,True,PIN,2022-03-23
99,134,True,OTP,2025-10-14
482,135,True,Biometrico,2023-08-05
193,136,True,Biometrico,2022-07-30
912,137,True,Biometrico,2024-06-30
334,138,False,PIN,2024-05-19
453,139,False,OTP,2025-09-05
450,140,True,OTP,2024-03-30
895,141,True,PIN,2023-11-22
452,142,True,Biometrico,2022-06-23
662,143,True,Biometrico,2023-05-30
832,144,True,Biometrico,2022-11-23
533,145,False,Contraseña,2025-01-03
608,146,True,Contraseña,2024-07-25
188,147,True,PIN,2024-02-25
13,148,True,Contraseña,2025-06-03
953,149,False,OTP,2024-02-23
46,150,True,OTP,2022-11-05
193,151,True,PIN,2024-12-06
908,152,False,Biometrico,2024-04-12
946,153,False,PIN,2023-01-26
31,154,True,Biometrico,2025-11-09
417,155,False,Contraseña,2022-03-10
105,156,True,PIN,2024-02-19
67,157,True,Contraseña,2022-04-27
399,158,False,OTP,2024-09-02
622,159,False,OTP,2025-06-26
534,160,True,PIN,2024-03-09
404,161,True,OTP,2022-07-02
535,162,True,Contraseña,2023-07-28
960,163,True,PIN,2022-03-01
837,164,False,OTP,2023-05-02
85,165,True,PIN,2025-07-19
301,166,True,Contraseña,2025-03-15
194,167,True,PIN,2025-10-07
719,168,True,Contraseña,2023-03-13
463,169,True,OTP,2024-10-04
653,170,True,PIN,2025-04-26
845,171,False,OTP,2025-05-22
466,172,True,Biometrico,2023-05-21
539,173,True,OTP,2023-09-19
47,174,True,Contraseña,2022-05-28
440,175,False,Contraseña,2025-11-04
267,176,False,PIN,2024-04-07
11,177,True,PIN,2024-03-22
792,178,False,OTP,2024-07-06
790,179,True,PIN,2022-02-25
659,180,True,Contraseña,2025-06-18
806,181,True,OTP,2024-02-23
388,182,True,Contraseña,2025-04-08
479,183,True,OTP,2023-07-21
640,184,True,Biometrico,2022-11-16
243,185,True,Biometrico,2023-01-15
127,186,True,Contraseña,2022-12-13
857,187,True,Contraseña,2023-07-08
933,188,True,Contraseña,2022-04-08
726,189,True,PIN,2022-04-30
804,190,True,OTP,2023-06-30
546,191,True,PIN,2022-10-27
805,192,False,Contraseña,2023-10-08
267,193,True,OTP,2024-05-15
18,194,True,Contraseña,2022-04-23
386,195,True,Contraseña,2023-09-01
258,196,True,Biometrico,2022-02-25
137,197,True,OTP,2023-09-18
52,198,True,Contraseña,2024-03-03
152,199,False,Biometrico,2024-01-02
725,200,False,OTP,2022-05-27
867,201,True,Contraseña,2024-12-19
404,202,True,Contraseña,2023-08-05
346,203,True,Contraseña,2024-02-17
190,204,False,OTP,2024-10-06
102,205,True,Contraseña,2023-01-15
429,206,True,OTP,2023-06-11
311,207,True,Contraseña,2024-11-10
894,208,True,Biometrico,2022-12-27
888,209,False,Contraseña,2025-08-04
32,210,True,Biometrico,2022-10-01
546,211,False,OTP,2024-05-23
587,212,True,OTP,2023-07-27
759,213,False,Contraseña,2024-07-07
127,214,False,PIN,2025-09-11
799,215,False,Biometrico,2025-04-08
816,216,True,Biometrico,2024-04-13
260,217,False,Biometrico,2022-12-30
4,218,True,PIN,2024-04-02
654,219,True,Biometrico,2023-08-26
132,220,True,Contraseña,2024-08-25
85,221,True,OTP,2023-10-25
371,222,False,Contraseña,2024-10-27
178,223,True,Biometrico,2022-03-03
466,224,True,OTP,2023-07-20
823,225,True,Biometrico,2024-03-03
219,226,True,Contraseña,2025-06-14
543,227,True,Contraseña,2023-10-12
815,228,True,OTP,2022-02-22
596,229,True,PIN,2022-08-16
547,230,True,OTP,2024-10-25
548,231,True,Contraseña,2024-10-23
346,232,True,PIN,2024-08-09
467,233,True,Biometrico,2022-08-21
606,234,True,Contraseña,2022-10-11
714,235,True,OTP,2025-09-20
580,236,True,OTP,2024-02-18
582,237,True,Contraseña,2022-03-04
47,238,True,PIN,2023-05-15
333,239,False,Biometrico,2023-03-03
522,240,True,PIN,2024-03-03
493,241,False,OTP,2023-02-18
605,242,True,PIN,2023-04-08
392,243,True,Biometrico,2022-11-30
124,244,False,Biometrico,2023-09-30
442,245,True,Contraseña,2023-03-25
382,246,False,PIN,2025-05-20
94,247,True,OTP,2023-08-18
122,248,True,PIN,2022-03-22
39,249,True,PIN,2023-10-10
182,250,True,Biometrico,2024-03-28
973,251,False,Contraseña,2024-04-14
591,252,True,PIN,2025-02-13
249,253,False,Biometrico,2025-03-31
653,254,True,OTP,2025-08-06
379,255,True,OTP,2025-04-01
4,256,False,Biometrico,2023-11-21
912,257,False,OTP,2022-11-30
850,258,True,PIN,2024-09-28
94,259,True,OTP,2022-08-15
541,260,True,Contraseña,2025-01-16
489,261,False,Contraseña,2024-04-04
559,262,False,Biometrico,2022-11-26
353,263,False,OTP,2024-12-10
437,264,True,PIN,2025-06-12
651,265,False,Contraseña,2023-12-18
553,266,True,Biometrico,2024-09-14
632,267,False,Biometrico,2024-01-20
711,268,True,OTP,2024-02-26
315,269,True,Biometrico,2023-10-10
215,270,True,OTP,2023-04-01
16,271,True,Contraseña,2025-08-02
404,272,True,PIN,2025-04-23
697,273,True,PIN,2024-08-13
530,274,False,PIN,2023-04-14
55,275,True,OTP,2023-08-27
945,276,False,OTP,2024-05-31
42,277,True,PIN,2023-11-30
102,278,True,Contraseña,2022-05-13
292,279,True,PIN,2023-12-19
701,280,True,Biometrico,2024-04-17
610,281,True,Contraseña,2023-09-22
857,282,False,Biometrico,2024-01-28
568,283,True,Contraseña,2024-05-26
542,284,True,Biometrico,2022-06-05
529,285,True,OTP,2025-10-16
193,286,False,Contraseña,2022-07-16
78,287,True,Contraseña,2023-04-11
736,288,True,Contraseña,2023-08-22
319,289,False,Biometrico,2022-11-03
524,290,True,Contraseña,2025-12-30
610,291,False,OTP,2024-10-13
900,292,True,Biometrico,2022-08-18
552,293,False,Contraseña,2025-07-03
371,294,False,PIN,2024-03-20
319,295,True,OTP,2022-08-05
530,296,True,PIN,2024-02-01
678,297,False,Contraseña,2023-10-06
166,298,False,PIN,2023-02-05
476,299,False,Contraseña,2025-02-25
752,300,True,PIN,2023-04-09
100,301,False,Biometrico,2025-09-29
636,302,True,PIN,2022-08-06
616,303,True,PIN,2024-08-12
393,304,False,PIN,2023-12-13
240,305,False,Contraseña,2023-02-08
21,306,False,Biometrico,2023-12-03
386,307,False,Contraseña,2024-07-14
996,308,False,Contraseña,2025-08-10
429,309,True,Biometrico,2023-12-06
3,310,True,Biometrico,2023-01-21
261,311,False,Biometrico,2022-09-14
724,312,False,OTP,2022-11-27
907,313,True,Contraseña,2023-03-18
557,314,False,Biometrico,2024-03-18
881,315,False,PIN,2025-05-18
137,316,True,OTP,2025-03-29
413,317,True,Contraseña,2024-12-07
652,318,True,Contraseña,2024-01-21
482,319,False,Contraseña,2023-08-29
837,320,True,Biometrico,2024-12-28
355,321,True,Contraseña,2023-12-31
119,322,True,PIN,2022-03-21
490,323,False,Contraseña,2022-08-09
740,324,False,Contraseña,2025-07-15
267,325,True,Biometrico,2022-06-28
231,326,True,PIN,2024-05-08
882,327,True,PIN,2023-07-27
145,328,True,Contraseña,2022-04-13
734,329,True,Biometrico,2022-03-13
850,330,False,Biometrico,2024-02-24
226,331,True,Contraseña,2025-06-13
286,332,True,Contraseña,2024-09-10
867,333,True,Contraseña,2024-10-29
254,334,False,OTP,2023-03-16
178,335,True,OTP,2024-02-16
311,336,True,Contraseña,2023-02-13
165,337,True,Contraseña,2024-11-24
959,338,True,PIN,2023-02-01
131,339,True,Biometrico,2022-09-16
841,340,True,Biometrico,2024-05-31
255,341,True,Contraseña,2022-11-20
584,342,True,Contraseña,2022-09-04
817,343,True,Contraseña,2025-04-12
96,344,True,PIN,2024-08-17
800,345,True,Biometrico,2022-11-19
29,346,False,OTP,2025-10-15
698,347,False,PIN,2025-11-05
836,348,True,PIN,2022-06-10
158,349,True,PIN,2024-03-02
882,350,True,Contraseña,2025-11-05
726,351,True,PIN,2022-03-28
960,352,True,Contraseña,2025-08-03
475,353,False,Contraseña,2023-12-13
202,354,True,PIN,2023-02-15
912,355,True,Biometrico,2023-06-18
759,356,True,PIN,2024-08-19
353,357,False,Contraseña,2024-12-29
323,358,True,OTP,2022-11-04
559,359,True,OTP,2022-04-18
563,360,True,Contraseña,2023-12-11
855,361,False,Contraseña,2025-08-17
882,362,True,PIN,2025-08-07
591,363,True,PIN,2023-07-12
369,364,True,Biometrico,2022-06-19
714,365,False,Biometrico,2023-03-08
461,366,True,OTP,2022-01-03
43,367,False,Contraseña,2025-01-30
388,368,True,OTP,2022-05-19
422,369,True,Biometrico,2023-07-29
310,370,False,Contraseña,2024-05-05
444,371,False,Contraseña,2025-08-07
460,372,True,Biometrico,2024-09-28
752,373,False,Contraseña,2022-10-18
346,374,True,Biometrico,2024-06-07
279,375,True,Biometrico,2022-10-28
283,376,True,Biometrico,2023-06-28
334,377,True,PIN,2024-11-05
878,378,True,Contraseña,2024-01-18
172,379,False,Biometrico,2025-10-13
761,380,False,Biometrico,2024-04-12
13,381,False,Contraseña,2024-01-04
542,382,False,Biometrico,2023-04-06
125,383,True,Contraseña,2025-12-09
588,384,True,OTP,2022-11-10
50,385,True,Contraseña,2022-05-09
168,386,False,Biometrico,2022-10-13
403,387,True,OTP,2022-02-12
382,388,False,PIN,2022-02-20
728,389,False,Contraseña,2023-04-29
194,390,False,PIN,2024-09-20
808,391,False,OTP,2023-08-27
828,392,False,Biometrico,2025-11-24
466,393,True,Contraseña,2022-01-13
694,394,False,OTP,2023-06-17
561,395,False,Contraseña,2023-09-11
386,396,True,Contraseña,2025-03-06
332,397,False,PIN,2023-03-02
911,398,True,PIN,2023-08-07
902,399,True,Contraseña,2024-01-26
513,400,True,Contraseña,2024-02-29
89,401,True,Contraseña,2023-01-16
125,402,True,OTP,2022-12-15
678,403,True,OTP,2025-06-24
769,404,True,Biometrico,2022-08-23
98,405,False,Contraseña,2024-02-27
482,406,True,Biometrico,2023-02-02
340,407,True,Biometrico,2024-03-13
152,408,True,Biometrico,2025-02-13
759,409,True,OTP,2024-02-15
14,410,False,Contraseña,2025-10-21
44,411,True,PIN,2025-09-11
365,412,True,Biometrico,2025-06-23
737,413,True,OTP,2025-10-23
276,414,True,Biometrico,2023-07-09
563,415,True,Biometrico,2024-03-19
720,416,False,Contraseña,2023-01-18
911,417,False,Biometrico,2025-05-15
538,418,True,Biometrico,2023-07-10
824,419,True,Biometrico,2022-06-29
534,420,False,PIN,2025-04-14
467,421,True,PIN,2022-11-24
441,422,True,OTP,2022-08-16
110,423,True,Contraseña,2024-03-17
373,424,True,Contraseña,2024-10-03
854,425,True,OTP,2023-07-17
953,426,True,OTP,2024-11-11
369,427,True,PIN,2022-02-18
930,428,False,OTP,2024-11-23
175,429,True,Biometrico,2022-04-22
696,430,True,PIN,2025-04-04
467,431,False,OTP,2022-11-23
382,432,True,PIN,2025-04-13
483,433,True,PIN,2023-06-06
662,434,True,Biometrico,2024-03-30
813,435,True,Biometrico,2023-12-09
471,436,False,OTP,2025-11-21
9,437,True,OTP,2022-04-18
556,438,False,Contraseña,2024-02-28
683,439,False,PIN,2025-01-11
719,440,True,Biometrico,2025-02-03
475,441,True,OTP,2023-12-15
934,442,True,Biometrico,2023-08-27
242,443,True,OTP,2022-06-02
457,444,True,Contraseña,2022-12-16
771,445,True,PIN,2024-02-13
417,446,False,Biometrico,2023-12-06
709,447,True,OTP,2022-04-24
225,448,False,Biometrico,2025-02-05
456,449,True,Biometrico,2024-07-14
155,450,False,Biometrico,2024-12-13
70,451,True,Biometrico,2023-02-14
963,452,True,OTP,2024-11-27
319,453,False,PIN,2024-06-24
367,454,True,OTP,2023-06-28
651,455,True,Biometrico,2025-11-16
692,456,True,Contraseña,2022-05-02
42,457,False,OTP,2024-06-01
898,458,True,PIN,2025-04-03
385,459,True,PIN,2024-09-06
147,460,True,Contraseña,2023-01-18
514,461,True,OTP,2025-05-16
255,462,True,PIN,2025-12-21
602,463,True,Biometrico,2022-05-23
994,464,False,Contraseña,2022-10-21
710,465,True,OTP,2024-09-10
300,466,True,OTP,2025-12-09
163,467,True,Biometrico,2024-02-24
621,468,True,Biometrico,2024-03-02
142,469,False,Contraseña,2023-01-06
979,470,True,Biometrico,2022-11-06
936,471,True,PIN,2022-06-12
664,472,True,OTP,2024-05-05
434,473,True,Biometrico,2022-02-03
277,474,False,OTP,2022-01-28
292,475,False,OTP,2023-01-18
336,476,True,Biometrico,2023-09-15
775,477,False,OTP,2025-07-29
117,478,True,OTP,2025-01-02
516,479,True,Biometrico,2023-11-06
6,480,True,Biometrico,2025-10-19
891,481,True,OTP,2023-04-16
200,482,True,Contraseña,2023-04-19
316,483,True,OTP,2025-04-19
830,484,True,OTP,2025-03-08
188,485,False,Contraseña,2023-01-03
31,486,False,Contraseña,2024-08-02
979,487,True,OTP,2022-03-25
638,488,True,OTP,2023-04-21
240,489,False,Contraseña,2025-10-05
306,490,True,Biometrico,2025-04-18
953,491,True,Biometrico,2024-09-18
24,492,False,Contraseña,2025-06-16
808,493,True,PIN,2022-11-19
705,494,False,Contraseña,2024-07-24
308,495,False,Biometrico,2025-05-26
909,496,True,PIN,2022-11-02
354,497,True,OTP,2025-04-17
160,498,False,Biometrico,2023-01-21
240,499,False,PIN,2023-09-24
537,500,True,OTP,2022-09-08
194,501,False,Contraseña,2025-07-08
827,502,False,PIN,2023-05-28
147,503,False,PIN,2025-12-01
98,504,True,PIN,2023-06-02
955,505,True,OTP,2025-10-06
327,506,True,OTP,2023-06-17
978,507,True,Biometrico,2022-12-25
850,508,True,PIN,2023-11-10
506,509,True,Biometrico,2024-12-12
510,510,False,OTP,2025-07-21
444,511,True,Contraseña,2022-07-16
622,512,True,Contraseña,2023-07-15
687,513,False,PIN,2023-05-14
912,514,True,PIN,2025-05-17
582,515,False,Contraseña,2023-08-12
54,516,False,Contraseña,2025-11-30
88,517,True,Contraseña,2025-10-25
643,518,True,PIN,2023-05-29
189,519,True,Contraseña,2024-10-17
159,520,True,OTP,2024-11-13
558,521,False,Biometrico,2024-07-10
338,522,True,OTP,2024-01-25
349,523,True,OTP,2023-07-18
15,524,True,Biometrico,2022-08-18
358,525,True,Biometrico,2024-05-24
676,526,True,Biometrico,2025-05-29
771,527,False,Contraseña,2023-06-08
957,528,True,Contraseña,2025-04-04
748,529,True,Biometrico,2024-05-08
472,530,False,Biometrico,2025-11-26
771,531,True,Biometrico,2024-03-06
380,532,True,Biometrico,2025-12-31
370,533,False,Biometrico,2024-10-07
74,534,True,PIN,2023-07-24
906,535,True,Biometrico,2025-05-12
113,536,False,Contraseña,2023-08-15
374,537,False,OTP,2023-05-04
310,538,False,Biometrico,2024-02-19
345,539,False,Contraseña,2022-05-14
253,540,False,Biometrico,2022-08-23
744,541,True,PIN,2024-11-26
283,542,True,OTP,2023-10-18
61,543,True,PIN,2024-04-17
247,544,True,Biometrico,2025-05-12
247,545,True,Biometrico,2024-02-23
124,546,False,PIN,2024-09-25
476,547,True,Biometrico,2024-12-19
544,548,True,PIN,2023-01-30
559,549,True,OTP,2022-11-28
82,550,False,PIN,2023-03-03
571,551,True,PIN,2022-08-21
235,552,True,OTP,2023-04-09
441,553,True,Contraseña,2025-05-08
950,554,True,PIN,2023-02-07
489,555,True,OTP,2023-01-11
393,556,True,Contraseña,2025-03-07
47,557,True,PIN,2023-12-31
355,558,True,Contraseña,2025-06-17
735,559,True,OTP,2025-09-07
765,560,True,Contraseña,2024-09-13
697,561,True,Biometrico,2023-09-23
862,562,True,Contraseña,2022-09-05
113,563,False,PIN,2022-10-18
659,564,True,Biometrico,2024-02-09
632,565,False,Contraseña,2023-10-10
9,566,True,PIN,2023-12-29
781,567,True,OTP,2025-05-11
681,568,True,PIN,2022-02-07
867,569,True,PIN,2024-09-24
155,570,True,Contraseña,2023-09-06
311,571,False,PIN,2025-11-21
230,572,True,PIN,2022-01-01
242,573,True,Contraseña,2024-11-26
715,574,False,PIN,2022-11-03
761,575,True,OTP,2022-11-27
434,576,False,OTP,2024-03-23
399,577,False,OTP,2022-01-12
203,578,False,Biometrico,2022-05-31
468,579,True,Contraseña,2022-12-25
808,580,True,OTP,2025-03-08
512,581,False,OTP,2022-02-04
592,582,True,Biometrico,2025-11-23
566,583,True,PIN,2024-05-26
953,584,False,PIN,2024-07-05
716,585,True,OTP,2025-01-04
49,586,True,Biometrico,2024-04-15
177,587,False,Biometrico,2022-06-06
921,588,False,Contraseña,2022-05-24
835,589,False,Biometrico,2023-05-15
735,590,False,Contraseña,2025-10-18
668,591,True,Biometrico,2025-11-14
577,592,True,PIN,2025-01-12
364,593,True,PIN,2022-06-04
240,594,False,PIN,2022-04-06
837,595,True,Contraseña,2024-09-26
908,596,True,PIN,2022-03-15
588,597,True,Biometrico,2024-11-15
522,598,False,PIN,2025-04-17
381,599,True,PIN,2022-05-11
87,600,True,OTP,2023-01-09
999,601,True,PIN,2023-12-28
329,602,True,OTP,2023-04-17
471,603,True,Contraseña,2025-09-21
204,604,True,OTP,2023-04-02
908,605,True,OTP,2022-07-09
638,606,True,OTP,2022-08-05
998,607,True,OTP,2024-12-30
626,608,False,Biometrico,2023-05-23
896,609,True,PIN,2022-06-01
881,610,True,OTP,2024-07-17
541,611,True,Biometrico,2023-12-22
712,612,False,Biometrico,2023-06-28
18,613,True,Contraseña,2025-09-29
927,614,True,PIN,2024-02-12
789,615,True,OTP,2023-03-21
531,616,True,PIN,2024-07-28
750,617,False,Contraseña,2024-04-07
659,618,False,PIN,2023-06-29
560,619,True,PIN,2025-08-10
563,620,True,PIN,2023-10-28
657,621,False,OTP,2025-06-04
315,622,True,PIN,2024-04-05
614,623,True,Contraseña,2023-03-02
42,624,True,OTP,2022-01-21
225,625,True,OTP,2022-01-15
454,626,True,Contraseña,2022-07-22
635,627,True,Contraseña,2022-11-07
10,628,True,PIN,2025-08-28
25,629,True,PIN,2023-05-22
33,630,False,Biometrico,2022-09-05
692,631,True,Biometrico,2025-04-29
119,632,True,Biometrico,2022-01-08
251,633,True,Biometrico,2022-10-06
441,634,False,PIN,2022-10-02
317,635,True,Contraseña,2025-09-21
796,636,False,Biometrico,2025-01-01
355,637,True,PIN,2022-07-20
957,638,True,Contraseña,2023-12-14
729,639,True,Contraseña,2025-08-26
89,640,True,Contraseña,2022-04-01
282,641,True,Biometrico,2025-07-17
92,642,True,OTP,2025-08-04
145,643,False,Contraseña,2023-02-04
40,644,True,PIN,2022-06-16
683,645,True,OTP,2024-02-05
892,646,True,PIN,2023-12-21
224,647,False,PIN,2024-05-26
510,648,False,OTP,2022-09-16
865,649,True,PIN,2024-07-27
894,650,True,Contraseña,2022-03-14
513,651,True,Contraseña,2023-09-21
710,652,False,Biometrico,2025-03-24
580,653,True,OTP,2024-02-19
80,654,True,OTP,2024-02-04
657,655,False,Biometrico,2024-01-26
852,656,True,PIN,2022-07-17
178,657,False,PIN,2025-06-28
279,658,True,Biometrico,2022-04-29
38,659,True,Contraseña,2023-11-18
994,660,True,Biometrico,2025-02-04
822,661,True,Contraseña,2025-02-27
1000,662,True,PIN,2025-10-04
850,663,True,PIN,2024-02-13
166,664,False,Contraseña,2024-08-04
92,665,True,PIN,2024-05-27
524,666,True,OTP,2023-05-19
416,667,True,Biometrico,2022-04-03
322,668,True,PIN,2022-10-01
282,669,True,Biometrico,2023-08-25
796,670,True,Biometrico,2024-01-02
139,671,True,Contraseña,2024-05-31
665,672,True,PIN,2022-12-16
903,673,True,Biometrico,2022-10-30
892,674,False,Biometrico,2024-07-29
70,675,True,OTP,2022-03-28
235,676,False,PIN,2023-04-01
85,677,True,OTP,2023-01-19
900,678,True,OTP,2023-09-01
416,679,True,PIN,2024-08-06
417,680,True,Contraseña,2023-03-09
850,681,True,Biometrico,2025-10-02
369,682,False,OTP,2024-07-02
343,683,True,OTP,2022-03-22
651,684,False,Contraseña,2023-04-08
659,685,True,Contraseña,2022-07-23
399,686,False,OTP,2024-03-10
20,687,False,Biometrico,2024-10-23
335,688,True,Contraseña,2023-06-05
887,689,False,Contraseña,2024-11-18
955,690,False,PIN,2023-03-04
710,691,False,PIN,2022-11-30
957,692,True,PIN,2023-05-21
767,693,True,PIN,2025-07-25
996,694,False,PIN,2022-09-03
496,695,True,PIN,2022-08-04
230,696,True,OTP,2024-05-12
834,697,True,PIN,2023-05-07
990,698,False,Contraseña,2022-09-18
242,699,True,OTP,2022-01-05
860,700,False,PIN,2025-02-17
542,701,True,Biometrico,2024-05-22
92,702,True,Biometrico,2023-09-04
996,703,True,OTP,2024-01-13
58,704,False,Biometrico,2025-03-08
538,705,False,Contraseña,2025-03-31
390,706,True,OTP,2024-10-14
610,707,True,Contraseña,2025-03-21
928,708,False,Biometrico,2022-07-26
14,709,True,PIN,2022-02-04
803,710,False,Biometrico,2024-05-26
966,711,True,PIN,2024-12-02
740,712,True,PIN,2023-07-11
133,713,True,Biometrico,2025-07-09
138,714,True,OTP,2025-05-20
472,715,True,PIN,2023-05-05
213,716,True,Biometrico,2023-06-05
711,717,True,Contraseña,2024-10-25
141,718,True,PIN,2024-03-22
911,719,False,OTP,2023-10-03
120,720,True,PIN,2022-07-20
124,721,False,OTP,2023-07-21
570,722,True,Biometrico,2023-01-09
863,723,True,PIN,2024-01-13
735,724,True,Contraseña,2025-10-17
738,725,True,Biometrico,2023-07-20
619,726,True,PIN,2022-02-12
313,727,True,OTP,2024-05-26
386,728,False,OTP,2024-02-19
848,729,False,OTP,2023-09-05
986,730,True,OTP,2022-07-30
468,731,True,Biometrico,2023-07-05
42,732,True,PIN,2025-03-14
830,733,False,Biometrico,2025-07-10
719,734,False,PIN,2024-03-07
182,735,True,Contraseña,2024-01-07
45,736,True,PIN,2025-07-23
832,737,False,OTP,2022-02-12
370,738,False,Contraseña,2024-04-21
516,739,True,OTP,2023-09-27
47,740,False,Biometrico,2024-04-30
908,741,True,Biometrico,2024-02-05
88,742,False,PIN,2024-10-06
504,743,True,OTP,2025-03-23
9,744,True,PIN,2024-01-05
750,745,True,PIN,2023-01-29
863,746,True,OTP,2023-03-31
737,747,True,Biometrico,2025-05-14
180,748,False,OTP,2022-06-01
709,749,False,OTP,2025-11-06
836,750,True,Biometrico,2025-02-11
475,751,True,Biometrico,2025-10-28
831,752,True,OTP,2025-01-16
393,753,True,Contraseña,2023-01-27
775,754,False,Biometrico,2022-03-10
577,755,True,Contraseña,2025-02-18
484,756,False,Biometrico,2025-03-16
194,757,False,Contraseña,2025-02-04
862,758,True,Biometrico,2025-11-21
55,759,True,Contraseña,2024-05-30
358,760,False,PIN,2023-02-14
346,761,True,Biometrico,2024-06-06
857,762,True,Biometrico,2025-05-08
713,763,False,OTP,2023-04-07
760,764,False,Biometrico,2025-09-21
933,765,True,Contraseña,2022-10-15
254,766,True,Biometrico,2022-08-10
315,767,True,Biometrico,2024-01-08
129,768,True,OTP,2025-05-05
828,769,True,PIN,2024-02-11
10,770,False,PIN,2024-09-06
539,771,False,OTP,2024-11-21
460,772,True,OTP,2025-04-28
635,773,True,OTP,2024-09-24
698,774,True,PIN,2024-11-25
82,775,True,Biometrico,2023-11-20
998,776,True,PIN,2024-12-03
720,777,True,Contraseña,2022-11-09
463,778,True,Biometrico,2023-02-23
332,779,True,OTP,2022-03-14
577,780,True,Biometrico,2022-08-17
636,781,False,OTP,2024-02-17
636,782,False,Contraseña,2022-05-04
896,783,True,Contraseña,2023-04-15
32,784,False,PIN,2023-10-25
184,785,False,PIN,2024-01-15
419,786,True,Biometrico,2023-12-09
828,787,True,Biometrico,2025-12-12
866,788,True,Contraseña,2022-07-07
850,789,True,OTP,2024-03-01
67,790,True,OTP,2023-08-29
182,791,True,OTP,2024-04-23
589,792,True,Contraseña,2025-12-17
102,793,True,PIN,2025-07-13
957,794,False,Biometrico,2022-06-27
867,795,True,Biometrico,2022-04-20
624,796,False,OTP,2025-08-12
547,797,True,PIN,2025-06-19
187,798,True,OTP,2023-10-21
475,799,False,Contraseña,2023-06-14
988,800,False,PIN,2024-04-08
724,801,True,OTP,2024-02-01
790,802,True,Contraseña,2023-11-25
122,803,False,OTP,2022-07-04
350,804,True,Contraseña,2025-04-11
103,805,True,Biometrico,2024-01-13
729,806,True,Contraseña,2022-12-25
560,807,True,Contraseña,2023-12-06
927,808,True,OTP,2023-03-03
186,809,True,OTP,2023-06-12
709,810,True,PIN,2025-01-24
496,811,False,Biometrico,2025-06-18
950,812,True,Biometrico,2022-03-05
159,813,True,OTP,2023-05-29
719,814,True,Biometrico,2022-05-28
230,815,True,Contraseña,2024-08-04
655,816,True,Biometrico,2024-03-07
784,817,True,OTP,2024-02-04
176,818,False,PIN,2024-08-22
830,819,False,Contraseña,2023-08-29
582,820,True,Biometrico,2022-07-18
444,821,True,PIN,2024-10-23
497,822,True,OTP,2022-07-11
974,823,True,OTP,2024-09-22
413,824,True,OTP,2022-06-09
530,825,False,PIN,2022-04-23
434,826,False,PIN,2024-08-26
86,827,False,Biometrico,2023-02-19
479,828,True,Contraseña,2022-08-15
71,829,True,Biometrico,2025-07-15
283,830,True,PIN,2025-04-19
734,831,False,Biometrico,2025-07-20
752,832,True,Contraseña,2023-04-28
192,833,False,OTP,2024-07-13
824,834,False,PIN,2022-06-27
542,835,True,PIN,2025-08-14
434,836,True,Biometrico,2025-04-24
589,837,True,OTP,2023-03-09
122,838,True,Biometrico,2025-05-20
516,839,False,Contraseña,2022-04-06
442,840,True,OTP,2025-12-13
417,841,True,OTP,2025-04-28
152,842,False,PIN,2022-11-16
182,843,True,Biometrico,2023-08-22
996,844,False,Contraseña,2025-07-08
977,845,False,OTP,2023-07-23
694,846,True,PIN,2024-03-09
804,847,True,PIN,2024-02-24
759,848,True,Contraseña,2023-06-12
813,849,False,Contraseña,2023-11-24
789,850,False,Biometrico,2023-05-26
781,851,True,Biometrico,2022-01-30
164,852,True,PIN,2022-09-18
983,853,True,Biometrico,2025-07-04
495,854,False,Biometrico,2023-12-21
619,855,False,PIN,2025-01-12
155,856,False,Biometrico,2022-12-02
42,857,True,Contraseña,2025-02-22
728,858,False,Contraseña,2024-02-26
877,859,True,OTP,2023-04-21
867,860,True,OTP,2024-01-31
120,861,True,Biometrico,2023-05-20
996,862,False,PIN,2025-12-25
512,863,True,OTP,2023-10-23
553,864,False,PIN,2025-03-24
647,865,False,PIN,2024-01-11
591,866,True,Biometrico,2023-03-05
874,867,True,Contraseña,2024-04-03
695,868,False,Biometrico,2022-04-25
220,869,True,OTP,2022-11-21
102,870,True,Contraseña,2022-04-21
974,871,True,OTP,2022-04-27
596,872,False,Biometrico,2023-08-23
181,873,True,PIN,2023-01-05
726,874,True,Contraseña,2024-01-04
655,875,True,PIN,2025-12-22
265,876,True,PIN,2024-02-06
558,877,False,Biometrico,2024-06-23
781,878,True,OTP,2022-01-11
542,879,True,Contraseña,2023-11-25
323,880,False,PIN,2024-11-05
984,881,True,Contraseña,2024-01-26
643,882,True,Biometrico,2024-01-31
651,883,False,Biometrico,2024-05-11
946,884,True,PIN,2023-11-19
267,885,False,Biometrico,2024-06-17
301,886,True,Contraseña,2023-05-29
810,887,True,Biometrico,2023-03-20
327,888,True,Biometrico,2022-08-21
857,889,True,Biometrico,2023-09-15
472,890,True,OTP,2022-12-22
972,891,False,OTP,2025-05-28
948,892,False,PIN,2023-11-09
286,893,True,Biometrico,2025-03-01
429,894,True,PIN,2022-06-16
44,895,True,PIN,2023-08-19
50,896,True,Biometrico,2023-11-14
424,897,True,Biometrico,2022-02-27
953,898,False,PIN,2023-04-06
542,899,False,Biometrico,2025-09-23
10,900,False,PIN,2022-11-23
743,901,True,Contraseña,2025-06-15
635,902,True,Biometrico,2025-11-26
101,903,False,Biometrico,2025-07-13
980,904,False,Contraseña,2025-04-25
785,905,False,Contraseña,2023-11-06
284,906,False,Biometrico,2023-04-09
323,907,True,Biometrico,2025-02-12
356,908,True,Biometrico,2025-09-20
651,909,False,Contraseña,2024-11-29
530,910,False,Biometrico,2023-11-14
615,911,True,PIN,2025-11-22
354,912,False,Biometrico,2024-05-14
388,913,True,Biometrico,2024-05-17
657,914,True,Contraseña,2024-08-24
129,915,True,Contraseña,2024-05-31
563,916,True,PIN,2022-08-31
537,917,False,Contraseña,2025-02-01
676,918,True,Biometrico,2023-02-17
399,919,False,PIN,2022-10-26
47,920,False,PIN,2024-08-16
273,921,False,PIN,2022-05-04
603,922,True,PIN,2023-08-14
567,923,False,Biometrico,2025-09-26
380,924,True,Biometrico,2024-03-28
393,925,False,PIN,2022-07-03
278,926,True,Biometrico,2022-06-14
61,927,True,Contraseña,2024-12-31
737,928,True,OTP,2023-07-11
375,929,False,Biometrico,2025-02-19
236,930,True,Biometrico,2025-11-29
512,931,True,Contraseña,2024-04-22
253,932,True,PIN,2024-07-27
873,933,False,Biometrico,2025-11-26
815,934,True,PIN,2023-08-18
36,935,True,OTP,2023-01-29
716,936,True,OTP,2023-08-12
654,937,True,Contraseña,2025-02-21
673,938,True,Contraseña,2025-04-18
318,939,False,PIN,2024-08-03
131,940,True,OTP,2025-07-24
58,941,False,PIN,2024-08-08
472,942,True,Biometrico,2022-08-06
359,943,True,PIN,2023-12-13
88,944,True,OTP,2022-12-11
122,945,False,PIN,2025-07-14
332,946,True,OTP,2023-03-29
267,947,False,Contraseña,2025-01-02
899,948,False,OTP,2022-04-01
592,949,True,Biometrico,2023-08-29
614,950,False,Contraseña,2024-03-14
840,951,True,PIN,2022-01-06
490,952,False,Contraseña,2025-12-02
182,953,True,Contraseña,2022-10-23
450,954,False,OTP,2022-11-05
977,955,True,PIN,2023-02-20
393,956,True,Contraseña,2022-12-11
877,957,True,Biometrico,2025-03-03
386,958,False,PIN,2023-02-13
815,959,True,Contraseña,2022-09-23
830,960,True,OTP,2022-03-24
681,961,True,Contraseña,2024-08-06
70,962,True,PIN,2025-04-06
922,963,False,Biometrico,2024-01-16
441,964,False,Contraseña,2023-03-15
496,965,True,OTP,2024-07-24
45,966,True,OTP,2024-08-25
9,967,True,PIN,2025-11-12
585,968,True,OTP,2022-01-09
522,969,False,Contraseña,2025-02-22
988,970,True,PIN,2024-11-23
434,971,True,Contraseña,2022-04-16
343,972,True,Contraseña,2024-09-26
188,973,True,PIN,2022-10-05
122,974,True,Biometrico,2025-04-11
730,975,True,Contraseña,2023-03-11
255,976,True,Biometrico,2022-03-15
300,977,True,Contraseña,2022-10-27
858,978,True,OTP,2025-11-19
796,979,False,OTP,2023-03-14
181,980,False,Contraseña,2025-02-26
933,981,True,Biometrico,2025-02-23
719,982,True,Contraseña,2022-03-21
243,983,True,PIN,2025-09-29
623,984,True,PIN,2025-11-06
301,985,True,PIN,2023-08-04
692,986,True,Biometrico,2022-04-01
241,987,True,OTP,2022-10-20
892,988,True,Biometrico,2023-03-16
329,989,True,Contraseña,2025-08-30
492,990,True,Biometrico,2022-03-14
894,991,False,OTP,2023-11-29
800,992,False,PIN,2022-10-29
896,993,True,Biometrico,2025-04-21
428,994,False,OTP,2022-08-09
256,995,False,Biometrico,2025-01-21
236,996,True,OTP,2023-07-25
837,997,True,Biometrico,2024-07-24
450,998,True,PIN,2025-01-13
160,999,False,OTP,2022-03-27
444,1000,True,PIN,2023-12-09
697,1001,True,OTP,2024-10-08
422,1002,False,PIN,2025-11-05
463,1003,False,Contraseña,2024-11-27
704,1004,True,Biometrico,2025-05-03
989,1005,True,PIN,2024-11-02
81,1006,False,PIN,2024-05-02
166,1007,False,Contraseña,2023-06-13
709,1008,False,OTP,2022-12-16
821,1009,True,OTP,2025-01-05
707,1010,True,PIN,2022-12-05
703,1011,True,Biometrico,2023-09-13
983,1012,True,PIN,2024-08-03
61,1013,True,Contraseña,2023-08-23
374,1014,True,Contraseña,2024-01-12
486,1015,False,PIN,2022-04-20
801,1016,True,Contraseña,2022-06-23
597,1017,True,PIN,2023-12-08
790,1018,True,Biometrico,2022-05-24
591,1019,True,Biometrico,2022-07-25
496,1020,True,PIN,2025-12-12
496,1021,True,Biometrico,2022-07-27
18,1022,False,Contraseña,2022-04-19
548,1023,True,Contraseña,2023-01-01
369,1024,False,Biometrico,2022-02-17
544,1025,False,Contraseña,2025-06-04
359,1026,False,OTP,2024-04-17
85,1027,False,OTP,2022-07-09
333,1028,True,PIN,2024-08-18
926,1029,True,Biometrico,2022-11-17
254,1030,True,Contraseña,2023-02-04
221,1031,True,PIN,2022-05-19
11,1032,True,OTP,2023-07-30
927,1033,True,OTP,2023-01-08
267,1034,False,PIN,2023-09-01
240,1035,True,PIN,2024-06-11
506,1036,False,Contraseña,2023-08-08
835,1037,True,Contraseña,2022-09-10
560,1038,False,Contraseña,2022-12-21
937,1039,True,Contraseña,2022-10-09
433,1040,True,OTP,2022-05-20
894,1041,False,Contraseña,2022-03-17
476,1042,True,Biometrico,2023-09-25
467,1043,True,Contraseña,2022-10-19
852,1044,True,OTP,2024-06-26
997,1045,True,PIN,2023-12-26
681,1046,True,Biometrico,2025-03-27
571,1047,False,Biometrico,2025-09-28
288,1048,True,Contraseña,2023-02-14
762,1049,True,OTP,2025-07-07
597,1050,True,PIN,2022-10-24
716,1051,True,Biometrico,2023-07-25
546,1052,True,Contraseña,2025-09-05
561,1053,False,Biometrico,2023-04-19
852,1054,True,Contraseña,2023-10-02
946,1055,False,OTP,2025-04-29
61,1056,True,Contraseña,2022-04-28
738,1057,True,OTP,2025-02-28
138,1058,True,OTP,2024-08-04
20,1059,True,OTP,2023-06-27
921,1060,True,PIN,2024-09-29
185,1061,True,Contraseña,2025-09-28
603,1062,True,OTP,2022-09-20
770,1063,True,PIN,2025-11-24
455,1064,True,Biometrico,2024-05-12
610,1065,False,PIN,2022-04-12
87,1066,True,PIN,2024-10-23
928,1067,False,PIN,2022-11-30
192,1068,True,Biometrico,2023-06-29
513,1069,True,PIN,2025-12-11
387,1070,False,PIN,2024-05-28
953,1071,True,Contraseña,2024-03-19
582,1072,True,Contraseña,2022-06-12
45,1073,False,Biometrico,2022-07-04
975,1074,True,Biometrico,2024-02-29
732,1075,True,OTP,2023-12-26
542,1076,True,PIN,2025-07-27
214,1077,False,Contraseña,2025-06-22
896,1078,True,Contraseña,2023-10-09
662,1079,True,Contraseña,2023-12-31
369,1080,True,PIN,2024-02-15
860,1081,False,Contraseña,2024-10-12
813,1082,True,Contraseña,2024-06-22
472,1083,True,Biometrico,2023-03-27
91,1084,True,Biometrico,2024-03-15
334,1085,False,PIN,2022-01-25
450,1086,True,OTP,2023-09-10
589,1087,True,OTP,2022-08-15
553,1088,True,PIN,2023-12-25
220,1089,True,OTP,2025-10-23
806,1090,True,PIN,2025-11-16
661,1091,False,OTP,2022-09-03
744,1092,True,Contraseña,2022-07-14
379,1093,True,Biometrico,2023-08-05
320,1094,False,OTP,2023-10-08
82,1095,False,Biometrico,2022-04-19
102,1096,True,Biometrico,2025-06-19
534,1097,False,OTP,2024-05-15
988,1098,True,Biometrico,2023-08-23
850,1099,True,Biometrico,2023-10-23
3,1100,False,Biometrico,2025-01-04
732,1101,True,Contraseña,2024-04-25
386,1102,True,OTP,2025-06-22
447,1103,True,Biometrico,2022-03-16
98,1104,True,Contraseña,2025-01-08
937,1105,True,PIN,2022-07-06
683,1106,True,Biometrico,2024-10-16
879,1107,True,Biometrico,2025-04-24
949,1108,True,Biometrico,2025-09-09
303,1109,True,PIN,2023-07-12
616,1110,True,Biometrico,2023-03-06
319,1111,True,PIN,2022-03-18
31,1112,True,PIN,2022-12-25
996,1113,False,OTP,2025-11-10
636,1114,True,PIN,2025-04-14
879,1115,True,Biometrico,2023-01-27
946,1116,True,OTP,2025-11-30
626,1117,True,PIN,2023-11-21
350,1118,False,PIN,2025-03-22
85,1119,False,PIN,2025-03-14
428,1120,True,PIN,2022-05-24
572,1121,False,Contraseña,2022-08-16
823,1122,True,Contraseña,2023-11-24
68,1123,True,OTP,2024-02-16
830,1124,True,Biometrico,2025-01-22
57,1125,True,Biometrico,2025-08-15
144,1126,True,Biometrico,2023-02-24
845,1127,True,Biometrico,2025-10-05
594,1128,True,OTP,2025-11-22
998,1129,True,OTP,2025-01-05
50,1130,True,Contraseña,2022-05-26
762,1131,True,PIN,2025-11-25
678,1132,False,Biometrico,2024-08-20
87,1133,False,OTP,2022-05-25
806,1134,False,Contraseña,2023-11-24
688,1135,True,PIN,2025-01-22
560,1136,True,Biometrico,2022-07-23
512,1137,True,Contraseña,2025-02-06
234,1138,True,OTP,2024-02-16
553,1139,True,Biometrico,2024-10-07
186,1140,True,Contraseña,2022-01-30
709,1141,True,Biometrico,2024-02-07
187,1142,True,PIN,2023-12-18
894,1143,True,OTP,2024-01-13
23,1144,True,Contraseña,2024-08-02
924,1145,True,Biometrico,2023-02-12
599,1146,False,Biometrico,2022-11-07
713,1147,True,OTP,2022-06-02
439,1148,False,OTP,2023-09-28
919,1149,True,PIN,2025-12-21
48,1150,False,Contraseña,2024-02-17
18,1151,False,Contraseña,2022-09-20
781,1152,False,Biometrico,2023-02-17
413,1153,False,Contraseña,2023-01-01
771,1154,True,PIN,2023-04-10
437,1155,False,PIN,2023-06-13
192,1156,True,Contraseña,2022-01-05
899,1157,True,PIN,2024-05-08
199,1158,False,Biometrico,2025-11-25
160,1159,True,Biometrico,2023-12-04
888,1160,False,PIN,2025-05-05
778,1161,False,PIN,2023-06-12
507,1162,True,PIN,2023-03-27
646,1163,False,OTP,2024-05-21
460,1164,True,Biometrico,2024-09-09
60,1165,True,Biometrico,2023-02-18
957,1166,False,OTP,2024-01-27
133,1167,True,OTP,2025-11-22
89,1168,True,Contraseña,2025-06-27
52,1169,True,Biometrico,2024-06-26
39,1170,True,Biometrico,2024-10-23
387,1171,True,Biometrico,2024-07-07
760,1172,False,PIN,2024-03-02
31,1173,True,OTP,2023-11-20
125,1174,True,PIN,2024-11-11
761,1175,False,OTP,2024-11-02
350,1176,True,Contraseña,2022-06-30
514,1177,True,OTP,2025-10-24
108,1178,True,Contraseña,2025-06-02
64,1179,True,PIN,2022-01-10
709,1180,True,OTP,2022-03-27
783,1181,False,Biometrico,2024-09-12
631,1182,True,PIN,2025-10-30
656,1183,False,PIN,2024-03-02
680,1184,True,Contraseña,2024-05-22
14,1185,True,Contraseña,2023-02-01
788,1186,True,OTP,2025-05-17
930,1187,False,Contraseña,2023-01-01
385,1188,False,Contraseña,2023-05-21
506,1189,True,Contraseña,2023-11-16
735,1190,True,Contraseña,2022-02-17
656,1191,True,Biometrico,2023-01-07
834,1192,True,PIN,2023-02-08
610,1193,False,PIN,2025-05-29
432,1194,False,OTP,2025-06-19
419,1195,True,PIN,2022-11-27
31,1196,True,OTP,2024-11-14
577,1197,False,OTP,2024-12-26
695,1198,False,Biometrico,2023-12-21
684,1199,True,PIN,2025-07-03
429,1200,True,Biometrico,2023-08-25
628,1201,True,OTP,2025-02-11
467,1202,False,Contraseña,2023-07-31
18,1203,True,Contraseña,2024-08-09
735,1204,True,Contraseña,2023-07-29
848,1205,False,Biometrico,2023-02-26
165,1206,True,PIN,2024-10-20
358,1207,False,OTP,2025-06-19
694,1208,False,OTP,2023-07-04
1000,1209,False,PIN,2022-09-25
546,1210,True,PIN,2022-04-01
867,1211,True,PIN,2023-03-17
120,1212,False,OTP,2025-04-24
662,1213,True,Contraseña,2022-02-24
588,1214,True,OTP,2024-05-14
624,1215,True,OTP,2023-04-17
316,1216,False,Biometrico,2025-05-12
456,1217,True,PIN,2024-08-21
74,1218,False,Contraseña,2023-07-25
661,1219,True,PIN,2024-01-08
235,1220,True,Biometrico,2023-01-29
94,1221,False,Biometrico,2025-08-22
835,1222,False,Contraseña,2024-10-29
344,1223,True,PIN,2025-04-07
659,1224,True,Contraseña,2025-05-08
368,1225,False,PIN,2024-11-23
346,1226,True,OTP,2025-05-26
716,1227,False,Contraseña,2023-08-27
390,1228,True,PIN,2024-11-30
114,1229,True,Contraseña,2024-10-11
915,1230,True,PIN,2025-05-22
577,1231,True,Biometrico,2025-07-01
615,1232,False,PIN,2022-08-15
888,1233,False,OTP,2024-03-28
243,1234,True,PIN,2025-10-23
224,1235,True,Contraseña,2022-11-26
319,1236,False,Biometrico,2022-09-02
116,1237,False,PIN,2023-09-28
941,1238,True,Biometrico,2023-06-08
683,1239,True,Biometrico,2025-02-13
440,1240,True,OTP,2022-06-30
254,1241,False,Contraseña,2022-08-14
957,1242,True,OTP,2023-12-24
522,1243,False,OTP,2025-10-30
983,1244,False,PIN,2025-11-09
544,1245,True,OTP,2024-06-24
896,1246,True,Biometrico,2023-06-26
58,1247,True,PIN,2025-06-07
222,1248,True,OTP,2025-01-16
873,1249,False,PIN,2022-08-26
132,1250,True,Biometrico,2025-07-26
222,1251,False,Contraseña,2023-09-19
639,1252,False,PIN,2024-06-27
320,1253,True,Contraseña,2023-04-15
726,1254,True,PIN,2022-09-12
466,1255,False,OTP,2024-08-19
184,1256,True,PIN,2024-07-28
712,1257,True,OTP,2023-01-30
678,1258,True,Biometrico,2025-09-05
543,1259,False,OTP,2024-01-13
978,1260,True,Contraseña,2024-11-09
542,1261,True,Biometrico,2022-10-09
899,1262,True,OTP,2024-01-24
402,1263,False,Biometrico,2023-05-08
560,1264,False,Contraseña,2025-06-22
930,1265,False,PIN,2022-06-19
350,1266,False,Contraseña,2025-07-22
785,1267,True,PIN,2024-02-06
539,1268,True,PIN,2022-03-06
888,1269,True,PIN,2024-11-03
228,1270,False,Contraseña,2022-12-22
632,1271,True,PIN,2025-05-04
109,1272,True,PIN,2024-01-04
492,1273,True,OTP,2025-05-14
908,1274,True,Contraseña,2024-09-15
713,1275,True,OTP,2024-01-18
947,1276,False,PIN,2023-12-29
734,1277,False,PIN,2023-10-06
152,1278,True,OTP,2022-11-20
607,1279,True,PIN,2023-08-26
57,1280,False,Contraseña,2022-12-31
706,1281,False,Biometrico,2023-01-16
645,1282,False,Contraseña,2024-07-06
608,1283,True,OTP,2025-08-28
124,1284,True,OTP,2024-07-22
29,1285,True,Contraseña,2023-03-18
957,1286,True,OTP,2022-04-15
353,1287,True,Biometrico,2024-06-21
651,1288,True,PIN,2023-12-31
794,1289,True,Contraseña,2023-01-22
120,1290,True,PIN,2025-08-22
288,1291,True,Contraseña,2024-04-27
976,1292,True,Biometrico,2023-12-14
752,1293,False,Contraseña,2025-07-25
768,1294,True,PIN,2025-02-15
332,1295,False,Contraseña,2023-02-25
320,1296,True,PIN,2024-10-03
220,1297,True,OTP,2025-08-09
719,1298,True,OTP,2024-04-27
836,1299,True,OTP,2024-11-23
549,1300,True,Biometrico,2022-09-19
416,1301,True,Contraseña,2022-08-27
399,1302,False,Contraseña,2023-11-15
354,1303,False,PIN,2022-02-10
905,1304,True,OTP,2022-05-17
214,1305,False,Contraseña,2023-11-11
709,1306,False,PIN,2023-01-09
186,1307,True,Contraseña,2024-03-10
263,1308,False,Biometrico,2024-07-02
740,1309,True,Contraseña,2023-07-13
619,1310,True,Biometrico,2022-01-22
87,1311,True,PIN,2022-07-04
921,1312,True,PIN,2025-02-22
717,1313,False,OTP,2024-12-17
9,1314,True,Biometrico,2023-04-28
483,1315,True,Biometrico,2024-09-03
709,1316,True,PIN,2025-10-07
145,1317,False,Contraseña,2023-06-13
608,1318,True,Biometrico,2022-02-11
957,1319,False,Contraseña,2022-04-12
78,1320,True,PIN,2025-09-15
85,1321,True,Biometrico,2025-11-18
452,1322,True,Biometrico,2025-08-03
397,1323,True,PIN,2023-04-14
928,1324,True,Contraseña,2022-08-06
319,1325,True,PIN,2023-11-04
737,1326,False,PIN,2023-01-09
276,1327,True,Biometrico,2022-10-09
986,1328,True,OTP,2022-04-21
506,1329,True,PIN,2025-02-05
273,1330,True,Biometrico,2023-04-15
999,1331,True,OTP,2025-05-02
695,1332,True,OTP,2022-08-16
718,1333,True,Contraseña,2025-07-29
141,1334,False,PIN,2025-07-25
688,1335,False,Biometrico,2023-12-23
726,1336,True,OTP,2023-02-25
953,1337,True,PIN,2022-04-23
605,1338,False,Contraseña,2022-03-01
315,1339,False,Contraseña,2022-06-03
138,1340,False,OTP,2024-09-26
996,1341,True,Contraseña,2024-08-15
409,1342,True,Biometrico,2024-02-26
420,1343,True,Contraseña,2022-04-19
623,1344,True,Biometrico,2025-12-28
572,1345,True,PIN,2022-02-27
692,1346,True,Biometrico,2022-06-30
848,1347,False,OTP,2022-12-31
67,1348,False,PIN,2022-02-15
273,1349,False,Biometrico,2025-09-12
124,1350,True,PIN,2022-03-25
213,1351,True,Biometrico,2023-07-14
188,1352,True,OTP,2023-10-20
709,1353,True,Biometrico,2024-07-19
704,1354,True,OTP,2023-08-19
783,1355,True,Biometrico,2023-12-20
796,1356,False,PIN,2022-11-17
761,1357,True,PIN,2025-08-26
603,1358,False,Biometrico,2022-05-17
165,1359,True,PIN,2022-06-11
251,1360,True,Biometrico,2022-10-11
408,1361,True,OTP,2024-02-27
978,1362,True,OTP,2023-11-03
606,1363,False,OTP,2024-08-24
166,1364,True,OTP,2025-08-24
707,1365,False,Contraseña,2024-10-22
969,1366,False,PIN,2024-04-15
771,1367,True,Contraseña,2025-06-04
681,1368,True,PIN,2024-04-10
804,1369,False,PIN,2024-06-18
160,1370,True,OTP,2022-06-15
930,1371,False,PIN,2024-10-03
397,1372,False,Contraseña,2023-11-08
315,1373,False,Biometrico,2023-01-05
547,1374,False,OTP,2025-05-02
988,1375,False,PIN,2023-06-10
356,1376,False,PIN,2025-06-17
254,1377,True,Biometrico,2024-08-06
656,1378,False,PIN,2023-11-05
616,1379,True,PIN,2023-05-28
557,1380,False,Biometrico,2022-12-12
323,1381,True,Biometrico,2024-09-10
292,1382,True,Biometrico,2023-09-27
85,1383,False,Contraseña,2023-11-07
167,1384,False,Biometrico,2025-08-31
379,1385,False,OTP,2025-02-13
334,1386,True,Biometrico,2022-06-03
568,1387,True,OTP,2024-06-29
892,1388,True,Biometrico,2022-03-06
617,1389,False,Biometrico,2025-01-24
732,1390,False,Biometrico,2025-11-24
388,1391,False,OTP,2024-08-26
863,1392,False,Biometrico,2022-08-19
619,1393,True,Biometrico,2023-08-07
512,1394,True,Biometrico,2024-11-07
542,1395,False,PIN,2023-07-22
496,1396,False,PIN,2023-06-07
243,1397,True,OTP,2025-10-11
268,1398,True,PIN,2024-04-11
655,1399,True,OTP,2022-07-03
52,1400,False,Biometrico,2025-02-26
449,1401,False,PIN,2022-06-05
46,1402,True,Biometrico,2025-03-09
193,1403,True,PIN,2025-11-06
402,1404,False,OTP,2024-04-03
44,1405,True,OTP,2022-05-26
109,1406,True,PIN,2024-01-01
320,1407,True,PIN,2024-06-07
155,1408,True,Biometrico,2022-01-01
778,1409,True,Contraseña,2025-08-08
48,1410,True,PIN,2022-08-07
908,1411,True,OTP,2024-07-26
912,1412,True,OTP,2022-11-24
939,1413,True,PIN,2023-10-30
382,1414,True,OTP,2022-06-10
114,1415,True,OTP,2023-12-29
16,1416,True,Biometrico,2022-04-02
902,1417,False,Contraseña,2023-02-16
805,1418,True,Contraseña,2024-05-02
697,1419,False,Biometrico,2025-04-25
441,1420,False,Biometrico,2023-05-01
11,1421,True,Contraseña,2024-07-13
78,1422,True,Biometrico,2022-07-19
542,1423,True,OTP,2023-10-16
837,1424,False,OTP,2024-07-20
401,1425,False,PIN,2025-04-03
471,1426,True,OTP,2023-11-08
50,1427,False,PIN,2022-08-23
357,1428,False,PIN,2025-09-28
249,1429,True,PIN,2025-03-22
762,1430,True,Biometrico,2025-09-22
450,1431,True,Contraseña,2023-06-27
914,1432,True,Contraseña,2022-10-03
192,1433,True,Contraseña,2025-06-29
284,1434,False,Biometrico,2022-08-02
775,1435,False,OTP,2022-07-17
926,1436,False,Biometrico,2024-06-18
399,1437,True,Biometrico,2023-10-26
560,1438,False,PIN,2023-10-14
461,1439,False,Contraseña,2022-04-03
802,1440,True,OTP,2024-01-25
735,1441,True,Contraseña,2024-08-17
138,1442,True,Contraseña,2024-09-06
915,1443,False,OTP,2022-09-26
989,1444,True,PIN,2025-04-18
588,1445,True,Contraseña,2022-03-03
737,1446,True,Biometrico,2022-12-27
479,1447,False,Contraseña,2023-03-16
676,1448,True,OTP,2023-03-05
370,1449,False,Biometrico,2024-01-09
415,1450,True,Biometrico,2022-11-16
823,1451,True,Contraseña,2024-06-11
33,1452,True,Contraseña,2025-10-08
45,1453,True,OTP,2024-09-05
752,1454,True,PIN,2022-12-13
735,1455,False,Biometrico,2025-08-31
775,1456,True,OTP,2024-03-24
729,1457,False,PIN,2025-11-06
424,1458,True,PIN,2024-03-18
835,1459,True,Contraseña,2024-11-02
109,1460,False,PIN,2024-11-03
760,1461,False,OTP,2022-10-26
619,1462,True,Biometrico,2025-10-06
352,1463,False,OTP,2023-01-22
621,1464,False,Biometrico,2023-07-24
465,1465,True,OTP,2022-07-14
308,1466,True,PIN,2023-03-07
567,1467,True,PIN,2024-05-02
476,1468,True,PIN,2022-01-29
585,1469,True,PIN,2024-04-29
755,1470,True,PIN,2022-02-20
315,1471,True,PIN,2022-07-17
980,1472,True,OTP,2022-07-07
491,1473,True,Contraseña,2023-08-13
610,1474,True,Contraseña,2022-04-23
303,1475,True,Biometrico,2023-03-29
82,1476,True,Contraseña,2025-04-15
114,1477,True,PIN,2024-06-21
757,1478,True,OTP,2022-08-28
778,1479,True,Biometrico,2024-05-21
980,1480,False,Contraseña,2022-02-13
82,1481,True,Biometrico,2025-11-21
516,1482,False,PIN,2024-05-07
119,1483,False,Biometrico,2022-09-27
541,1484,False,Biometrico,2025-07-08
215,1485,True,Biometrico,2024-10-22
340,1486,False,Biometrico,2024-06-17
365,1487,True,PIN,2022-11-04
182,1488,True,Contraseña,2023-11-06
863,1489,True,Biometrico,2025-02-23
496,1490,False,Contraseña,2024-08-04
179,1491,True,OTP,2024-02-16
91,1492,False,Contraseña,2024-03-12
11,1493,True,OTP,2023-07-26
719,1494,False,PIN,2024-12-05
533,1495,False,Contraseña,2022-05-08
107,1496,True,PIN,2022-03-15
494,1497,True,PIN,2025-02-11
340,1498,True,PIN,2025-03-24
792,1499,True,PIN,2025-11-13
704,1500,True,PIN,2022-05-19
208,1501,True,Contraseña,2025-04-12
990,1502,True,Biometrico,2022-10-20
975,1503,True,Biometrico,2025-05-19
319,1504,True,OTP,2024-04-11
685,1505,True,Contraseña,2022-09-09
584,1506,False,Contraseña,2024-08-21
606,1507,True,Contraseña,2024-10-31
630,1508,True,Contraseña,2022-10-15
630,1509,True,Biometrico,2024-06-14
92,1510,True,PIN,2023-06-16
632,1511,True,Biometrico,2023-05-20
128,1512,True,OTP,2025-09-25
896,1513,True,Biometrico,2025-12-06
622,1514,False,Contraseña,2023-03-04
716,1515,True,Biometrico,2023-04-13
710,1516,True,Biometrico,2023-09-14
939,1517,False,OTP,2024-02-26
50,1518,True,PIN,2025-08-07
255,1519,True,Biometrico,2025-09-30
214,1520,True,OTP,2025-08-10
127,1521,False,OTP,2022-01-16
280,1522,True,Biometrico,2025-01-08
213,1523,True,Contraseña,2022-12-05
21,1524,True,Biometrico,2023-07-29
522,1525,True,Contraseña,2022-07-09
799,1526,True,Biometrico,2022-03-13
569,1527,True,Biometrico,2025-03-18
683,1528,True,Biometrico,2024-02-09
230,1529,True,OTP,2022-11-01
339,1530,False,Contraseña,2023-10-27
683,1531,True,Contraseña,2024-02-28
399,1532,True,PIN,2024-01-01
436,1533,True,Biometrico,2025-02-07
382,1534,True,Contraseña,2025-02-19
719,1535,True,Biometrico,2023-04-11
754,1536,True,PIN,2025-12-31
347,1537,True,Contraseña,2025-08-16
11,1538,True,OTP,2023-11-27
307,1539,True,PIN,2022-12-07
357,1540,False,Contraseña,2022-07-19
695,1541,False,Biometrico,2022-09-25
61,1542,True,Biometrico,2023-11-03
253,1543,False,OTP,2022-05-17
919,1544,True,Biometrico,2025-08-29
522,1545,False,OTP,2023-03-11
95,1546,False,Contraseña,2023-02-28
28,1547,True,Biometrico,2025-10-30
68,1548,True,Biometrico,2023-04-27
185,1549,False,OTP,2024-11-01
88,1550,False,Contraseña,2025-05-18
837,1551,False,PIN,2024-08-02
267,1552,True,Contraseña,2024-08-03
774,1553,True,Contraseña,2025-11-14
857,1554,False,PIN,2025-08-10
896,1555,True,Biometrico,2025-01-31
255,1556,False,PIN,2024-01-28
188,1557,True,Biometrico,2024-09-07
439,1558,True,PIN,2025-06-01
857,1559,True,Biometrico,2023-01-31
990,1560,True,Contraseña,2023-06-21
731,1561,False,PIN,2025-11-22
462,1562,True,OTP,2023-04-30
243,1563,True,PIN,2023-10-17
356,1564,True,OTP,2022-10-04
515,1565,True,PIN,2023-08-18
246,1566,False,PIN,2022-09-14
357,1567,True,PIN,2022-05-26
542,1568,True,Biometrico,2023-04-27
77,1569,True,OTP,2022-10-30
385,1570,True,PIN,2024-12-17
836,1571,True,Biometrico,2023-04-27
653,1572,True,OTP,2025-08-29
557,1573,True,Biometrico,2023-12-14
420,1574,True,Biometrico,2025-07-11
47,1575,True,Biometrico,2022-06-09
429,1576,True,OTP,2024-10-05
4,1577,True,OTP,2025-11-27
21,1578,True,Contraseña,2025-11-10
488,1579,False,Biometrico,2024-11-13
920,1580,True,Biometrico,2023-03-09
656,1581,False,PIN,2025-07-18
978,1582,True,OTP,2022-06-06
790,1583,True,Biometrico,2022-08-01
561,1584,False,Biometrico,2025-03-18
906,1585,False,OTP,2025-09-19
204,1586,False,Biometrico,2024-11-05
955,1587,True,OTP,2023-03-25
737,1588,True,Biometrico,2025-05-16
898,1589,False,Biometrico,2023-01-21
18,1590,False,Biometrico,2025-07-14
852,1591,False,Contraseña,2022-02-13
263,1592,True,Biometrico,2024-11-10
311,1593,True,Contraseña,2025-09-07
589,1594,False,Biometrico,2025-01-22
570,1595,True,PIN,2023-04-29
355,1596,True,PIN,2025-08-12
166,1597,False,Contraseña,2023-01-03
284,1598,False,OTP,2024-01-27
562,1599,False,Biometrico,2024-01-13
691,1600,False,Contraseña,2024-09-22
44,1601,False,Contraseña,2024-10-21
243,1602,True,Contraseña,2024-04-15
882,1603,False,Contraseña,2025-03-11
592,1604,True,OTP,2023-07-27
583,1605,True,Contraseña,2023-06-20
224,1606,True,OTP,2023-02-13
700,1607,False,PIN,2025-03-23
792,1608,False,Contraseña,2023-07-11
704,1609,False,PIN,2022-02-27
373,1610,False,OTP,2025-11-06
763,1611,True,Biometrico,2022-10-25
692,1612,False,Biometrico,2024-09-19
61,1613,True,PIN,2022-10-24
287,1614,True,PIN,2025-02-09
355,1615,False,Biometrico,2022-07-05
704,1616,True,Contraseña,2024-03-03
888,1617,False,OTP,2024-04-02
977,1618,True,Biometrico,2023-11-19
109,1619,False,Contraseña,2024-01-02
857,1620,False,Contraseña,2024-05-03
326,1621,False,Biometrico,2023-07-14
385,1622,True,OTP,2023-07-10
989,1623,False,PIN,2023-11-29
339,1624,True,PIN,2023-05-10
225,1625,True,Contraseña,2025-03-06
835,1626,True,OTP,2024-05-03
241,1627,True,OTP,2023-06-18
43,1628,True,Contraseña,2022-04-30
433,1629,False,Biometrico,2022-05-27
619,1630,True,PIN,2025-04-29
522,1631,True,Contraseña,2022-06-27
853,1632,False,PIN,2023-09-19
690,1633,False,Contraseña,2024-03-07
950,1634,True,PIN,2025-04-13
135,1635,True,PIN,2024-08-21
242,1636,True,Biometrico,2024-09-16
306,1637,True,Contraseña,2022-08-27
606,1638,True,PIN,2022-01-30
303,1639,True,OTP,2025-09-11
872,1640,True,PIN,2025-04-21
724,1641,True,Biometrico,2024-02-12
815,1642,True,PIN,2023-12-22
366,1643,True,OTP,2025-04-17
182,1644,True,Biometrico,2025-05-04
353,1645,False,PIN,2023-08-15
226,1646,True,Contraseña,2022-02-08
191,1647,False,PIN,2024-12-29
622,1648,False,PIN,2024-12-29
857,1649,False,Contraseña,2022-05-16
953,1650,False,Biometrico,2024-10-12
588,1651,True,PIN,2024-06-19
350,1652,False,PIN,2024-06-22
718,1653,True,OTP,2024-06-04
404,1654,False,OTP,2024-06-07
504,1655,False,Biometrico,2025-07-25
445,1656,True,Contraseña,2023-04-25
830,1657,False,Biometrico,2023-03-29
498,1658,True,PIN,2025-06-15
796,1659,False,Biometrico,2024-08-10
193,1660,True,PIN,2024-05-17
204,1661,True,PIN,2023-03-17
39,1662,True,PIN,2022-01-14
830,1663,False,Contraseña,2022-04-20
87,1664,True,PIN,2023-11-22
200,1665,True,Biometrico,2025-11-24
991,1666,False,OTP,2023-02-28
888,1667,True,PIN,2023-04-11
16,1668,False,Biometrico,2024-08-20
54,1669,False,OTP,2025-11-02
13,1670,True,PIN,2025-06-28
726,1671,True,OTP,2022-07-17
803,1672,False,PIN,2023-04-26
759,1673,False,PIN,2022-02-11
473,1674,True,Contraseña,2022-09-12
466,1675,False,Biometrico,2022-09-08
279,1676,True,PIN,2022-11-08
275,1677,True,OTP,2022-12-13
94,1678,True,Biometrico,2022-04-05
367,1679,True,PIN,2024-08-19
975,1680,True,PIN,2024-05-07
542,1681,True,Biometrico,2024-02-01
796,1682,True,OTP,2022-02-07
514,1683,False,Biometrico,2022-07-04
993,1684,False,Contraseña,2024-03-14
919,1685,False,OTP,2024-08-20
855,1686,True,Contraseña,2023-04-10
588,1687,False,PIN,2022-04-05
538,1688,True,Biometrico,2023-08-03
474,1689,False,Contraseña,2024-06-19
712,1690,False,PIN,2022-08-10
87,1691,False,Biometrico,2024-10-27
461,1692,False,OTP,2024-08-06
47,1693,True,PIN,2022-07-31
779,1694,True,Biometrico,2025-04-23
214,1695,True,OTP,2025-01-07
457,1696,False,OTP,2024-08-14
424,1697,True,OTP,2023-07-08
323,1698,True,PIN,2024-06-04
61,1699,True,PIN,2024-07-03
273,1700,False,Biometrico,2024-12-25
847,1701,False,Contraseña,2025-07-28
999,1702,False,OTP,2023-10-12
47,1703,True,Contraseña,2023-04-18
514,1704,True,PIN,2023-11-13
68,1705,True,Biometrico,2023-09-30
253,1706,False,Contraseña,2023-01-14
108,1707,True,PIN,2025-10-12
863,1708,False,Contraseña,2025-05-04
334,1709,True,Biometrico,2025-11-10
594,1710,False,Biometrico,2024-06-24
709,1711,True,OTP,2023-05-23
409,1712,True,Contraseña,2024-06-26
277,1713,False,Biometrico,2025-11-01
490,1714,True,Biometrico,2023-11-11
737,1715,True,PIN,2022-11-24
141,1716,True,Contraseña,2023-05-18
47,1717,False,Contraseña,2024-07-14
319,1718,False,Biometrico,2023-07-10
728,1719,False,Biometrico,2023-05-28
950,1720,False,PIN,2025-01-11
334,1721,False,Contraseña,2022-06-21
618,1722,True,Contraseña,2023-07-07
563,1723,True,OTP,2023-05-14
108,1724,True,Biometrico,2024-03-27
571,1725,True,OTP,2024-11-01
505,1726,True,Contraseña,2023-10-19
61,1727,True,PIN,2024-10-23
726,1728,True,Biometrico,2022-02-01
303,1729,True,OTP,2022-05-19
63,1730,True,Contraseña,2025-04-24
352,1731,False,PIN,2024-07-29
202,1732,True,Biometrico,2022-05-22
600,1733,False,Contraseña,2024-05-05
521,1734,False,Contraseña,2025-11-08
862,1735,True,OTP,2025-04-05
463,1736,False,OTP,2024-10-07
545,1737,False,OTP,2024-03-06
704,1738,False,Biometrico,2025-12-12
457,1739,True,Biometrico,2025-03-07
174,1740,True,OTP,2022-02-03
553,1741,True,OTP,2025-12-03
984,1742,True,Biometrico,2022-01-27
510,1743,True,OTP,2024-04-07
68,1744,True,PIN,2022-01-12
687,1745,False,OTP,2022-06-17
771,1746,False,PIN,2025-10-24
311,1747,True,Contraseña,2023-06-19
921,1748,True,Contraseña,2023-08-09
991,1749,True,PIN,2024-04-22
98,1750,False,OTP,2022-12-31
631,1751,True,PIN,2022-02-16
51,1752,True,PIN,2025-08-21
371,1753,True,Contraseña,2024-12-05
546,1754,False,PIN,2024-10-22
389,1755,False,Biometrico,2024-02-06
914,1756,False,PIN,2023-06-21
529,1757,True,PIN,2023-01-06
762,1758,True,Biometrico,2022-09-19
325,1759,False,OTP,2023-04-05
503,1760,True,OTP,2025-09-17
885,1761,True,Biometrico,2023-08-30
638,1762,True,PIN,2023-01-30
885,1763,False,Biometrico,2022-09-09
259,1764,True,Contraseña,2022-12-31
512,1765,False,PIN,2025-05-29
706,1766,True,PIN,2022-03-07
121,1767,False,Contraseña,2025-05-27
912,1768,True,PIN,2024-10-03
436,1769,True,PIN,2023-04-24
370,1770,False,Contraseña,2023-10-07
220,1771,True,OTP,2022-11-06
955,1772,True,Contraseña,2022-10-08
959,1773,True,PIN,2025-03-14
869,1774,False,Biometrico,2023-11-07
895,1775,True,Biometrico,2022-12-30
81,1776,True,OTP,2023-07-06
542,1777,True,Biometrico,2023-04-18
908,1778,True,Biometrico,2023-04-30
542,1779,False,OTP,2024-08-08
885,1780,False,Biometrico,2022-05-02
316,1781,True,PIN,2022-01-22
619,1782,False,Contraseña,2023-07-23
145,1783,True,OTP,2025-02-21
850,1784,True,PIN,2024-01-21
182,1785,True,Contraseña,2025-07-08
287,1786,False,OTP,2022-12-25
68,1787,True,Biometrico,2025-11-11
404,1788,False,OTP,2025-09-09
29,1789,True,PIN,2023-07-02
946,1790,False,Biometrico,2023-03-27
685,1791,True,Contraseña,2022-07-26
240,1792,True,PIN,2023-10-13
908,1793,False,Contraseña,2022-04-23
704,1794,True,Biometrico,2025-03-31
370,1795,True,Contraseña,2023-06-06
761,1796,True,Contraseña,2023-07-16
240,1797,True,PIN,2022-08-12
759,1798,True,OTP,2023-01-08
730,1799,True,PIN,2022-08-19
857,1800,True,OTP,2025-03-27
978,1801,True,Biometrico,2022-06-09
214,1802,True,OTP,2023-05-17
879,1803,True,OTP,2022-11-20
353,1804,False,Biometrico,2023-03-22
467,1805,False,OTP,2025-01-11
116,1806,True,Biometrico,2023-08-03
881,1807,True,Contraseña,2023-04-24
364,1808,True,Biometrico,2022-12-19
457,1809,True,Biometrico,2025-12-31
857,1810,True,Biometrico,2024-03-14
661,1811,True,Biometrico,2025-11-14
613,1812,True,PIN,2023-04-04
182,1813,False,OTP,2022-07-08
768,1814,True,PIN,2025-06-04
505,1815,True,PIN,2025-09-18
840,1816,True,Biometrico,2023-08-24
542,1817,False,OTP,2025-07-26
700,1818,True,Biometrico,2025-12-28
828,1819,False,PIN,2025-11-09
92,1820,False,Biometrico,2025-07-03
387,1821,False,Contraseña,2025-05-26
567,1822,False,Biometrico,2024-09-21
91,1823,True,OTP,2022-02-14
131,1824,False,Biometrico,2025-05-02
315,1825,False,Biometrico,2022-08-10
848,1826,True,PIN,2023-03-05
374,1827,False,Biometrico,2024-06-09
704,1828,False,Contraseña,2022-04-17
696,1829,True,PIN,2022-08-13
107,1830,True,PIN,2025-10-12
732,1831,False,OTP,2022-02-26
423,1832,True,PIN,2025-09-22
380,1833,True,Contraseña,2022-10-26
108,1834,False,Biometrico,2025-07-13
352,1835,True,OTP,2025-07-18
392,1836,True,Contraseña,2023-01-26
929,1837,True,PIN,2022-10-25
431,1838,False,OTP,2025-06-03
831,1839,True,OTP,2024-02-04
472,1840,False,OTP,2022-04-16
327,1841,False,PIN,2024-02-15
584,1842,True,Contraseña,2025-11-09
202,1843,False,Contraseña,2025-06-21
928,1844,False,Biometrico,2024-05-21
788,1845,True,Biometrico,2022-10-19
535,1846,True,PIN,2023-07-10
47,1847,False,Biometrico,2022-07-18
265,1848,True,Biometrico,2023-12-15
397,1849,False,Contraseña,2022-09-25
736,1850,True,OTP,2023-05-24
392,1851,False,OTP,2023-09-26
519,1852,False,Contraseña,2022-03-31
401,1853,True,OTP,2022-02-03
460,1854,True,Contraseña,2025-01-27
547,1855,False,Contraseña,2025-02-02
574,1856,True,Biometrico,2025-03-22
557,1857,True,Biometrico,2025-12-28
760,1858,False,OTP,2025-11-23
998,1859,True,PIN,2023-08-15
466,1860,True,PIN,2022-01-29
737,1861,True,Contraseña,2022-07-09
558,1862,True,Contraseña,2024-11-30
879,1863,False,PIN,2023-10-17
347,1864,False,Biometrico,2022-07-25
853,1865,True,Contraseña,2025-08-29
861,1866,True,OTP,2023-12-03
774,1867,False,PIN,2024-11-27
778,1868,True,Biometrico,2024-04-14
364,1869,True,PIN,2023-11-12
887,1870,False,OTP,2025-12-17
924,1871,True,Biometrico,2023-08-03
437,1872,True,Biometrico,2023-12-01
975,1873,False,Contraseña,2023-09-09
548,1874,False,Contraseña,2025-10-18
707,1875,True,Contraseña,2022-10-26
682,1876,False,Biometrico,2022-12-15
292,1877,True,Biometrico,2023-10-05
888,1878,True,OTP,2023-07-09
74,1879,True,OTP,2023-01-29
726,1880,False,PIN,2023-03-03
726,1881,True,OTP,2024-05-05
551,1882,False,Contraseña,2024-10-31
417,1883,False,OTP,2023-03-05
669,1884,True,Biometrico,2025-12-29
463,1885,True,Biometrico,2024-10-27
534,1886,True,OTP,2022-03-30
915,1887,False,PIN,2024-03-30
227,1888,True,PIN,2025-06-12
860,1889,False,Biometrico,2023-01-23
109,1890,True,PIN,2022-04-17
858,1891,True,PIN,2024-06-14
200,1892,True,PIN,2022-06-11
990,1893,False,Contraseña,2023-06-11
222,1894,False,OTP,2025-05-25
950,1895,True,Biometrico,2023-05-30
713,1896,True,PIN,2025-12-13
776,1897,False,OTP,2025-11-06
402,1898,True,PIN,2023-07-28
126,1899,True,PIN,2023-07-08
345,1900,False,Biometrico,2023-01-09
860,1901,False,OTP,2022-05-29
38,1902,True,Contraseña,2025-11-28
83,1903,False,PIN,2025-04-10
714,1904,True,PIN,2022-09-27
355,1905,True,OTP,2022-10-16
386,1906,False,PIN,2025-09-28
881,1907,False,Contraseña,2023-08-30
653,1908,True,Contraseña,2025-05-13
15,1909,True,OTP,2022-01-08
974,1910,True,PIN,2025-08-17
715,1911,True,Biometrico,2025-03-08
88,1912,True,Contraseña,2024-12-24
444,1913,False,Contraseña,2025-12-25
998,1914,True,Biometrico,2024-06-08
133,1915,True,OTP,2024-11-02
796,1916,False,Biometrico,2022-01-28
805,1917,False,PIN,2025-02-28
974,1918,True,PIN,2022-07-29
939,1919,True,Biometrico,2022-09-04
719,1920,False,PIN,2024-02-20
533,1921,True,OTP,2022-08-04
44,1922,True,Contraseña,2024-02-10
46,1923,True,PIN,2024-03-10
773,1924,True,Contraseña,2023-04-01
796,1925,True,Biometrico,2025-10-24
832,1926,True,OTP,2023-02-19
927,1927,True,Biometrico,2022-06-11
156,1928,True,Contraseña,2023-08-28
51,1929,True,Contraseña,2025-09-26
760,1930,False,PIN,2023-11-06
14,1931,False,Contraseña,2025-03-07
743,1932,True,Biometrico,2023-06-26
659,1933,True,Contraseña,2023-03-08
605,1934,True,OTP,2025-11-14
355,1935,False,OTP,2025-10-23
58,1936,False,Contraseña,2022-11-01
820,1937,True,Contraseña,2024-07-25
184,1938,True,Biometrico,2025-09-06
446,1939,True,Biometrico,2024-05-17
51,1940,True,Contraseña,2025-11-08
192,1941,True,PIN,2024-08-06
381,1942,True,PIN,2022-01-28
852,1943,True,OTP,2023-05-14
370,1944,True,PIN,2023-11-28
653,1945,False,Contraseña,2022-08-23
681,1946,True,Biometrico,2022-06-22
966,1947,True,Contraseña,2025-03-14
192,1948,True,Contraseña,2025-03-14
619,1949,True,OTP,2025-06-15
835,1950,True,PIN,2025-04-12
334,1951,False,Contraseña,2022-11-13
55,1952,True,PIN,2023-08-04
636,1953,True,Contraseña,2025-05-15
82,1954,True,PIN,2022-06-21
588,1955,True,Contraseña,2023-01-16
977,1956,False,OTP,2024-10-14
267,1957,False,PIN,2024-06-28
408,1958,True,PIN,2022-05-22
44,1959,True,OTP,2023-04-03
292,1960,False,OTP,2024-04-29
860,1961,False,Biometrico,2022-08-26
334,1962,True,Contraseña,2025-01-06
570,1963,True,Contraseña,2024-02-24
482,1964,False,Biometrico,2024-01-24
344,1965,True,PIN,2023-11-17
44,1966,True,OTP,2023-11-04
53,1967,False,Biometrico,2024-05-26
557,1968,False,PIN,2023-09-26
267,1969,False,Biometrico,2025-07-09
654,1970,False,Contraseña,2022-08-12
619,1971,False,PIN,2024-02-22
122,1972,True,Contraseña,2024-02-10
202,1973,True,PIN,2024-07-14
122,1974,True,PIN,2024-05-28
353,1975,True,OTP,2024-02-09
56,1976,True,OTP,2023-08-03
214,1977,True,Contraseña,2024-04-08
583,1978,True,OTP,2024-10-19
4,1979,True,OTP,2022-06-28
731,1980,True,OTP,2024-04-19
921,1981,True,PIN,2024-06-10
938,1982,True,Contraseña,2023-04-20
397,1983,False,Biometrico,2024-02-13
760,1984,False,Biometrico,2024-09-27
122,1985,True,Contraseña,2025-10-25
530,1986,True,OTP,2025-09-26
44,1987,True,Contraseña,2024-02-04
762,1988,False,Contraseña,2024-04-24
70,1989,True,PIN,2024-07-30
719,1990,False,Contraseña,2024-04-22
182,1991,True,Contraseña,2025-07-11
867,1992,True,Contraseña,2023-06-07
241,1993,True,OTP,2022-11-20
895,1994,True,Biometrico,2025-12-31
624,1995,False,OTP,2023-02-05
558,1996,True,PIN,2023-11-26
201,1997,False,Contraseña,2022-12-23
921,1998,True,PIN,2025-05-02
534,1999,True,Contraseña,2024-05-31
457,2000,True,OTP,2024-05-15
