id_usuario,nombre,email,fecha_registro,estado,telefono,ocupacion,score_credito,id_ubicacion_registro
1,María Morales,gilberto70@example.net,2021-02-04,True,+50226395999,Independiente,393,170
2,Diego García,rosagracia@example.com,2018-07-27,True,+50242691263,Empresario,510,18
3,Jorge Pérez,crivero@example.org,2020-06-03,True,+50254098516,Empresario,302,71
4,Pedro Hernández,rosa80@example.org,2020-10-23,True,+50224754064,Empleado,434,4
5,Carmen Sánchez,jacinto05@example.org,2021-08-19,True,+50233386929,Estudiante,353,33
6,Patricia Cruz,evillarreal@example.org,2023-11-25,True,+50218530615,Independiente,759,200
7,Carmen Rodríguez,granadoserafin@example.net,2023-01-26,True,+50292558242,Empleado,833,78
8,Alejandro García,hector93@example.org,2018-09-07,False,+50263904155,Independiente,410,126
9,Luis Reyes,gabriel55@example.com,2018-10-29,True,+50253233116,Jubilado,451,17
10,Pedro Ramírez,julio-cesarotero@example.com,2021-08-24,False,+50290180577,Jubilado,601,117
11,Ricardo Cruz,cristal03@example.net,2019-02-11,True,+50297874085,Jubilado,520,111
12,Alejandro Sánchez,rebecamontenegro@example.com,2022-08-22,True,+50270867592,Independiente,725,187
13,Ana Flores,karlade-anda@example.net,2022-10-15,True,+50299269266,Estudiante,683,40
14,Gabriela Jiménez,salgadoeugenio@example.org,2018-10-02,True,+50221457410,Empleado,742,25
15,Patricia Rivera,leonorabrego@example.com,2019-06-17,True,+50288714010,Jubilado,637,172
16,Ana Cruz,maria-elena92@example.org,2021-12-19,False,+50216904975,Estudiante,619,91
17,Ana Pérez,fidelmelendez@example.org,2019-09-26,False,+50240097636,Empleado,658,143
18,Carmen Rodríguez,dsaavedra@example.org,2021-02-15,True,+50267594492,Jubilado,326,156
19,Gabriela Ramírez,danielagalvez@example.net,2018-04-29,True,+50246677730,Estudiante,647,90
20,Carlos González,rrodarte@example.net,2019-08-10,False,+50219339597,Empresario,331,24
21,Patricia Pérez,ana-maria66@example.net,2022-03-21,False,+50270887307,Estudiante,461,95
22,Elena Flores,knunez@example.net,2018-12-14,True,+50230881581,Empresario,350,173
23,Juan Ramírez,cecilia49@example.org,2022-12-20,False,+50275184410,Jubilado,752,107
24,Miguel Pérez,rodolfofrias@example.net,2023-09-30,True,+50256328316,Independiente,413,73
25,Gabriela Jiménez,riveroespartaco@example.net,2023-11-29,True,+50216095815,Empresario,704,154
26,María García,marrerocesar@example.net,2020-04-17,True,+50238351344,Empresario,561,75
27,Roberto Rodríguez,eespinoza@example.org,2018-02-01,False,+50267801537,Empresario,432,98
28,Daniela Sánchez,micaela44@example.net,2023-08-12,True,+50219673809,Independiente,343,112
29,Carlos Reyes,asuncion49@example.org,2018-11-15,True,+50287277086,Independiente,714,182
30,Andrés Cruz,olga97@example.org,2021-03-31,True,+50264362516,Empleado,632,44
31,Claudia Reyes,ricoguillermina@example.com,2022-01-22,True,+50268614462,Empleado,549,112
32,Eduardo Morales,caraballoursula@example.net,2023-11-17,True,+50263118906,Estudiante,647,57
33,Roberto González,qhurtado@example.net,2018-11-09,True,+50281216573,Jubilado,498,199
34,Carmen Rivera,taleman@example.net,2019-08-28,True,+50223798190,Empresario,562,51
35,Luisa Hernández,yuridia53@example.com,2018-11-05,True,+50294281857,Independiente,775,194
36,Eduardo Reyes,sanabriaandrea@example.com,2021-08-16,True,+50230261159,Independiente,369,121
37,Alejandro Torres,fserna@example.com,2021-01-30,True,+50257236885,Jubilado,375,80
38,Alejandro Reyes,paolacampos@example.org,2018-06-04,True,+50259491122,Estudiante,378,166
39,Juan Morales,cuellardiana@example.com,2023-03-11,True,+50270362235,Jubilado,492,83
40,Paola Jiménez,arevalobruno@example.com,2023-08-16,True,+50218304547,Independiente,405,88
41,Luis Martínez,marianaesquivel@example.org,2023-08-29,True,+50215253567,Empresario,748,113
42,Ricardo González,uriel96@example.com,2022-01-30,True,+50247969333,Independiente,718,199
43,Roberto López,ybarrientos@example.com,2021-10-02,True,+50254250344,Empleado,695,73
44,Miguel Hernández,solanobruno@example.net,2021-09-27,True,+50288213973,Empresario,658,80
45,Andrés Morales,rodrigo63@example.org,2019-06-13,True,+50251551377,Jubilado,685,165
46,Claudia Flores,rosariotimoteo@example.org,2019-06-08,True,+50296707983,Independiente,820,93
47,Carlos Rivera,bmojica@example.org,2021-06-19,True,+50238748452,Estudiante,797,50
48,Sofia Hernández,aldo17@example.com,2019-09-27,True,+50249700543,Empleado,819,198
49,Daniela López,ltijerina@example.com,2021-10-11,True,+50290161060,Independiente,457,42
50,Luisa González,socorro42@example.com,2022-11-28,True,+50265144509,Estudiante,543,114
51,Paola Torres,bacosta@example.org,2023-01-13,True,+50281673763,Empresario,616,121
52,Diego Rivera,jacobootero@example.com,2022-12-10,False,+50247818761,Independiente,814,136
53,Isabel González,uceja@example.com,2020-03-28,True,+50243554863,Empleado,792,96
54,Daniela Rodríguez,romosocorro@example.net,2023-10-15,True,+50248260510,Empleado,464,70
55,Alejandro Hernández,ofelia52@example.org,2022-11-27,True,+50239801436,Independiente,657,7
56,Isabel López,cvalencia@example.org,2022-06-12,True,+50241645597,Independiente,383,96
57,Sofia García,antonia79@example.org,2021-07-29,True,+50297236246,Estudiante,449,36
58,María Torres,ozunaanabel@example.net,2023-04-20,True,+50272962895,Independiente,305,21
59,Carlos Ramírez,ofelia75@example.org,2020-06-02,True,+50283659258,Jubilado,840,109
60,Ana Torres,noelia49@example.org,2020-08-31,True,+50226354208,Empleado,544,108
61,Andrés Reyes,german49@example.org,2018-09-15,True,+50277085942,Jubilado,848,5
62,Andrés Sánchez,ocamporamon@example.org,2019-08-12,True,+50267611469,Empleado,661,62
63,Eduardo Cruz,cavazosroberto@example.org,2020-02-07,True,+50280260907,Estudiante,369,135
64,Daniela García,patricio27@example.net,2022-05-19,False,+50215843091,Independiente,682,65
65,Patricia García,bpalacios@example.org,2022-01-02,True,+50256278607,Empresario,406,198
66,Eduardo Flores,elena14@example.org,2019-07-01,True,+50257284777,Jubilado,646,165
67,Luisa Reyes,riosnelly@example.net,2023-05-15,True,+50228099607,Empleado,768,10
68,Elena Pérez,hmedina@example.org,2018-06-29,True,+50215624520,Estudiante,617,132
69,Fernando Jiménez,portilloluz@example.org,2020-11-03,True,+50296825515,Empresario,592,92
70,Jorge López,jose-emilio71@example.com,2021-09-21,True,+50226706752,Estudiante,747,103
71,Patricia Reyes,aureliorodarte@example.org,2022-05-03,True,+50235074182,Independiente,809,95
72,Claudia Ramírez,casarezadriana@example.net,2018-12-05,False,+50220593403,Independiente,484,140
73,Elena Flores,palomojesus@example.com,2019-02-25,True,+50254012664,Estudiante,613,115
74,Paola Cruz,teresatijerina@example.com,2019-11-14,False,+50257183837,Independiente,343,187
75,Carmen Cruz,villanuevaelvia@example.net,2021-01-29,True,+50220071854,Independiente,672,132
76,Claudia González,iiglesias@example.org,2018-05-08,True,+50291547054,Independiente,335,33
77,Juan Sánchez,carmencardona@example.org,2022-02-09,True,+50261385847,Jubilado,333,155
78,Pedro Reyes,carolinamojica@example.net,2022-02-28,True,+50269584522,Empleado,440,136
79,Carmen Morales,elenalinares@example.org,2021-07-11,True,+50243502308,Empleado,326,189
80,Luisa Jiménez,raultoro@example.com,2023-10-22,False,+50285386435,Empleado,568,199
81,Miguel Reyes,concepcionescobar@example.com,2020-05-28,True,+50275927774,Empresario,425,35
82,Juan Reyes,ybarrarolando@example.net,2019-12-09,False,+50221783073,Estudiante,655,182
83,Juan Torres,nayeli56@example.com,2021-05-13,True,+50295590648,Empresario,670,131
84,Sofia Rodríguez,abraham89@example.net,2020-04-03,True,+50241774192,Independiente,326,93
85,Daniela Rivera,madrigallorena@example.com,2023-03-30,True,+50292134318,Empleado,367,80
86,Fernando Jiménez,jaramilloomar@example.net,2023-11-24,False,+50264953237,Jubilado,375,33
87,Roberto Martínez,parrasandra@example.net,2023-01-18,False,+50279438885,Estudiante,431,200
88,Daniela González,cesar80@example.net,2019-06-13,False,+50277493234,Empleado,427,133
89,Pedro Torres,rendonsusana@example.net,2019-11-06,True,+50253306792,Empresario,654,133
90,Elena Martínez,jacobo32@example.net,2020-10-23,True,+50295235919,Jubilado,581,33
91,Andrés Torres,noemi68@example.com,2023-12-26,True,+50277454225,Empresario,457,44
92,Gabriela Flores,rene44@example.net,2018-06-18,True,+50220901547,Empleado,571,167
93,Diego Cruz,narvaezmariana@example.com,2018-05-05,False,+50294176528,Jubilado,596,165
94,Elena Jiménez,sandovalvictoria@example.com,2020-09-30,False,+50249920898,Independiente,374,177
95,María González,pedrazaalonso@example.org,2022-12-06,False,+50274995086,Independiente,508,88
96,Paola Hernández,olivotania@example.org,2021-07-04,True,+50256354851,Independiente,433,195
97,Carmen Rodríguez,rufinourrutia@example.org,2021-07-31,True,+50272608888,Empleado,573,116
98,Sofia Hernández,antonia26@example.net,2019-02-01,True,+50248951595,Independiente,728,64
99,Luisa Flores,zperea@example.org,2021-07-04,True,+50231386576,Independiente,827,120
100,Valentina Torres,estelaflorez@example.com,2023-07-31,True,+50222086184,Independiente,817,118
101,Sofia Pérez,martin45@example.org,2021-12-16,True,+50216783418,Estudiante,806,153
102,Andrés Jiménez,albaalonso@example.net,2021-03-16,True,+50224428014,Independiente,437,68
103,Patricia Rivera,xgallegos@example.com,2022-07-10,True,+50216072331,Independiente,352,146
104,Daniela Pérez,zeferinoruiz@example.net,2022-01-24,True,+50219869264,Independiente,816,116
105,Jorge Ramírez,pablo56@example.com,2019-05-02,True,+50222976369,Independiente,682,87
106,Daniela Rivera,aramos@example.com,2019-08-14,True,+50290861208,Jubilado,711,129
107,María López,gabriel94@example.org,2018-06-09,True,+50254699966,Independiente,831,117
108,Pedro Hernández,yeni92@example.net,2021-09-05,True,+50231810655,Independiente,606,152
109,Roberto Jiménez,virginia56@example.com,2021-05-12,False,+50212232974,Estudiante,639,173
110,Ana Cruz,yuridiazedillo@example.net,2021-06-14,True,+50290115852,Independiente,571,168
111,Claudia Sánchez,patriciaanaya@example.org,2018-07-30,False,+50232885741,Jubilado,689,38
112,Gabriela Sánchez,marisol27@example.com,2018-05-10,True,+50235606639,Empleado,751,81
113,Isabel Hernández,jeronimo05@example.net,2022-08-19,True,+50265079923,Jubilado,782,189
114,Patricia López,miguel34@example.com,2019-07-20,True,+50285280948,Estudiante,789,135
115,Fernando Flores,ana92@example.net,2019-12-11,False,+50281555103,Estudiante,662,174
116,Jorge Ramírez,angelachavez@example.org,2023-06-07,True,+50243087238,Estudiante,605,58
117,Elena Torres,oliviaesquibel@example.org,2020-04-29,False,+50252552488,Independiente,657,144
118,Claudia Ramírez,igaribay@example.org,2021-03-24,True,+50286970753,Jubilado,688,102
119,Carmen Hernández,wmireles@example.com,2021-04-04,True,+50248605090,Empleado,654,114
120,Andrés Ramírez,margaritavarela@example.org,2023-05-17,True,+50237121108,Jubilado,577,144
121,Luis Ramírez,guzmanjose-emilio@example.net,2019-07-17,True,+50292634772,Jubilado,545,63
122,María Sánchez,caridadbustos@example.com,2020-08-11,True,+50223448342,Independiente,638,184
123,Valentina Rodríguez,maria-joselongoria@example.com,2019-07-18,True,+50283867070,Empresario,716,168
124,Valentina Jiménez,rde-la-cruz@example.net,2020-03-27,True,+50253106399,Estudiante,360,197
125,Juan Sánchez,coquendo@example.com,2018-06-02,True,+50266087572,Empresario,337,102
126,Claudia Jiménez,teodoro39@example.com,2020-02-03,True,+50215028625,Empleado,605,146
127,Paola Rodríguez,victoria69@example.com,2021-10-04,True,+50270981700,Jubilado,836,127
128,Pedro Reyes,aliciajuarez@example.org,2021-01-22,True,+50225119192,Estudiante,466,188
129,Alejandro Ramírez,juan29@example.com,2020-02-02,True,+50255246430,Estudiante,497,45
130,Paola Morales,concepcionbriseno@example.com,2022-10-18,True,+50221641746,Independiente,397,48
131,Pedro Jiménez,crivero@example.net,2021-08-18,True,+50210916723,Estudiante,692,61
132,Alejandro Ramírez,yeni02@example.net,2021-09-12,True,+50288176558,Jubilado,311,67
133,Andrés Rivera,pachecojose-carlos@example.com,2020-08-25,True,+50299628735,Empleado,776,79
134,Luisa Morales,pcantu@example.com,2023-08-21,True,+50225759274,Estudiante,676,158
135,Sofia Sánchez,figueroaalfredo@example.net,2019-07-02,False,+50230560218,Independiente,682,107
136,Luis Jiménez,cervantescaridad@example.net,2020-06-13,True,+50289968863,Empleado,838,115
137,Ricardo Rivera,tijerinagabino@example.org,2018-11-16,True,+50218289024,Jubilado,817,52
138,Eduardo Hernández,kmota@example.org,2019-11-05,True,+50279839059,Independiente,419,175
139,Diego Jiménez,rodolfosaiz@example.com,2019-01-08,False,+50217467311,Independiente,435,132
140,Isabel Reyes,juliasevilla@example.net,2018-08-25,False,+50251361818,Empleado,705,66
141,Carlos Pérez,nelly83@example.com,2018-10-27,True,+50266867700,Estudiante,365,139
142,María Martínez,oliverduran@example.com,2023-04-18,True,+50248532662,Independiente,484,197
143,Pedro Cruz,adan11@example.com,2022-03-14,False,+50270201634,Independiente,684,21
144,Gabriela Hernández,villaloboselvia@example.com,2021-11-25,True,+50233954324,Jubilado,702,136
145,Pedro Sánchez,elvia18@example.org,2018-01-15,True,+50250045602,Independiente,734,137
146,Fernando Sánchez,nmuro@example.com,2020-10-10,False,+50256460773,Empresario,582,49
147,Patricia Rodríguez,juan35@example.com,2018-05-12,False,+50292533595,Empleado,546,53
148,Juan Rodríguez,rreynoso@example.com,2018-05-18,False,+50290233330,Empleado,550,190
149,María Morales,rlucio@example.com,2022-12-03,True,+50282445335,Empresario,357,36
150,Ricardo Torres,teodoropadron@example.com,2020-08-17,True,+50287507357,Jubilado,628,61
151,Elena Hernández,jonasbriseno@example.org,2023-11-06,True,+50265507111,Estudiante,581,16
152,Daniela González,rmunoz@example.net,2022-10-16,False,+50216292676,Estudiante,690,135
153,Roberto Cruz,villasenornatividad@example.org,2022-07-31,True,+50250250352,Independiente,488,194
154,Daniela Jiménez,gonzalomacias@example.com,2020-09-14,True,+50250364158,Empresario,774,15
155,Daniela Cruz,casanovasilvano@example.com,2022-09-03,True,+50262132722,Empresario,561,53
156,Roberto Martínez,maria-joseanaya@example.org,2023-01-17,True,+50222410307,Jubilado,495,14
157,Miguel Morales,sandrareyna@example.com,2018-06-11,True,+50235254849,Jubilado,522,123
158,Diego Flores,portillomarcos@example.net,2021-05-26,True,+50238428357,Empresario,420,192
159,Jorge Jiménez,escamillareina@example.net,2020-09-20,True,+50263235053,Empresario,629,199
160,Elena Morales,ramonjiminez@example.com,2023-03-25,True,+50251395738,Estudiante,668,132
161,Valentina Reyes,angela56@example.org,2019-02-08,False,+50252980983,Empresario,679,81
162,Isabel López,cristian94@example.org,2020-06-25,True,+50212176998,Estudiante,727,76
163,Pedro Pérez,uriasaida@example.net,2021-09-13,True,+50260981231,Jubilado,551,128
164,Daniela Flores,zcarmona@example.com,2020-11-20,False,+50296126771,Independiente,771,44
165,Patricia Rivera,alfonsorodrigez@example.net,2019-11-25,True,+50283356206,Independiente,488,139
166,Andrés López,gallegoshermelinda@example.net,2023-11-17,True,+50219976458,Empleado,306,106
167,Pedro Sánchez,ursula65@example.com,2018-10-06,True,+50211226946,Empresario,817,117
168,Carmen López,berriosclemente@example.com,2023-06-03,False,+50212111482,Empleado,844,142
169,Isabel García,estherlucero@example.net,2018-03-10,True,+50281905550,Estudiante,317,129
170,Luis Cruz,paulinaalcaraz@example.net,2020-01-05,True,+50222927031,Jubilado,452,62
171,Diego Ramírez,eveliodel-valle@example.org,2021-12-22,True,+50263270536,Empleado,682,104
172,Alejandro Sánchez,kvalenzuela@example.com,2020-07-14,True,+50220820219,Empleado,395,104
173,Fernando Morales,micaela13@example.org,2023-05-04,True,+50295462880,Empleado,475,22
174,Valentina Cruz,alcarazjaqueline@example.net,2021-09-18,True,+50280888325,Empleado,535,55
175,Luis Jiménez,urrutiaelena@example.org,2021-01-15,True,+50219978827,Estudiante,333,46
176,Roberto García,georginaprieto@example.com,2020-04-28,True,+50263458386,Empleado,606,42
177,Eduardo Sánchez,roberto96@example.org,2022-05-13,True,+50261518966,Empresario,380,129
178,Patricia Rivera,alma08@example.net,2018-08-08,True,+50268664992,Empresario,377,88
179,Paola Morales,enrique67@example.org,2021-08-29,True,+50295110541,Estudiante,761,126
180,Sofia Rivera,villasenornelly@example.com,2022-03-18,False,+50234929311,Jubilado,689,22
181,Jorge Torres,renteriarosalia@example.org,2020-10-06,True,+50221010955,Estudiante,457,98
182,Luis Hernández,ncasanova@example.com,2022-05-15,True,+50258412365,Empleado,393,2
183,Elena Reyes,utellez@example.org,2022-01-14,True,+50223721268,Empresario,389,48
184,Isabel Reyes,vmadrid@example.net,2023-09-30,False,+50223863742,Empleado,391,91
185,Daniela Martínez,nunezdaniel@example.net,2021-08-21,False,+50211656329,Estudiante,723,100
186,Jorge Martínez,riveralinda@example.com,2020-09-21,True,+50261100987,Empresario,442,69
187,Elena Ramírez,wamador@example.net,2023-07-13,True,+50218491573,Empresario,745,71
188,Isabel Torres,ulloaabril@example.com,2023-06-07,True,+50258469365,Estudiante,552,185
189,Andrés Jiménez,ealmaraz@example.com,2020-03-11,False,+50224357588,Empresario,611,2
190,Fernando Flores,emiliano69@example.com,2022-04-06,True,+50269085720,Estudiante,740,167
191,Paola Hernández,guillermina78@example.org,2021-05-15,True,+50290961645,Empresario,790,81
192,Luisa Morales,gabino67@example.com,2021-07-31,True,+50294946730,Independiente,548,84
193,Fernando Ramírez,ocontreras@example.org,2022-05-29,True,+50225285764,Jubilado,504,152
194,Daniela González,vanesamagana@example.com,2018-04-21,False,+50238138531,Independiente,598,178
195,Juan Cruz,aguirredalia@example.org,2023-08-08,True,+50295004924,Estudiante,547,65
196,Gabriela Hernández,castellanosines@example.com,2022-09-30,False,+50219927432,Independiente,790,150
197,Fernando Cruz,mitzy63@example.net,2018-05-31,True,+50282062301,Jubilado,387,28
198,Jorge Sánchez,ggriego@example.org,2021-12-25,True,+50296838849,Jubilado,345,145
199,Andrés Morales,ccastaneda@example.net,2021-09-20,False,+50224219637,Empleado,400,67
200,Sofia Sánchez,oliviabeltran@example.com,2022-12-31,True,+50262497139,Independiente,812,39
201,Carmen García,aurelio97@example.com,2023-06-01,True,+50249652241,Independiente,387,30
202,Patricia Hernández,uribefelix@example.net,2021-11-27,True,+50256045630,Independiente,511,134
203,Valentina Rivera,itzelarteaga@example.net,2023-05-05,True,+50268809636,Independiente,626,18
204,Elena López,pmeza@example.org,2019-04-17,True,+50256047142,Empleado,468,190
205,Sofia González,saucedocristobal@example.net,2019-10-18,True,+50285141654,Independiente,773,60
206,Claudia Morales,qtafoya@example.com,2020-01-26,True,+50295963619,Independiente,705,8
207,Patricia Pérez,alfonsoabrego@example.com,2023-01-16,False,+50262188655,Empleado,519,53
208,Miguel Martínez,wrolon@example.com,2019-02-21,True,+50259095909,Estudiante,501,118
209,Ana Ramírez,carmonamarisol@example.org,2023-06-28,True,+50290124068,Independiente,701,151
210,Ana Rivera,pamelapedroza@example.org,2021-12-12,False,+50292861016,Empresario,604,158
211,Eduardo Martínez,eugenio92@example.org,2019-07-03,True,+50225819123,Empresario,612,30
212,Luisa Rivera,almacortes@example.org,2019-08-03,False,+50266135102,Jubilado,441,148
213,Fernando Cruz,fvillagomez@example.com,2020-01-31,False,+50295295586,Jubilado,477,143
214,Luisa Jiménez,sevillasamuel@example.org,2021-03-29,True,+50235111946,Estudiante,761,159
215,María Rivera,zvela@example.net,2018-02-09,False,+50228325379,Empresario,693,144
216,Ricardo Jiménez,abigailnajera@example.org,2022-08-03,False,+50265784972,Independiente,800,43
217,Juan García,pascual52@example.org,2020-06-22,True,+50214388260,Estudiante,530,138
218,Elena González,evaca@example.com,2023-02-17,False,+50283782999,Jubilado,415,147
219,Ana Ramírez,mmora@example.org,2022-02-11,True,+50269239219,Jubilado,523,109
220,Ana Sánchez,elviraarce@example.net,2021-05-04,True,+50270362053,Estudiante,656,23
221,Alejandro Rodríguez,julio-cesarpalomo@example.com,2020-08-28,True,+50288909809,Estudiante,738,43
222,Paola Hernández,maria-eugeniacamarillo@example.com,2020-04-26,True,+50217966873,Jubilado,659,137
223,Miguel González,dianaballesteros@example.org,2021-08-18,True,+50248833650,Jubilado,573,132
224,Gabriela Rodríguez,qcarranza@example.org,2019-07-10,False,+50217957216,Estudiante,429,180
225,Pedro Sánchez,posadasofia@example.net,2019-08-23,True,+50243226234,Independiente,801,37
226,Eduardo Ramírez,rufinoruiz@example.org,2022-08-24,False,+50270665302,Empleado,395,104
227,Ricardo Ramírez,leonor38@example.com,2022-02-20,False,+50275504221,Estudiante,302,199
228,Patricia Martínez,ugutierrez@example.org,2023-02-21,True,+50218500100,Jubilado,707,56
229,Isabel Pérez,vacadulce-maria@example.com,2023-07-20,True,+50253334226,Estudiante,645,141
230,Eduardo Hernández,cabreraleticia@example.net,2023-06-11,True,+50216497381,Empleado,401,161
231,Claudia Reyes,elisa85@example.com,2018-03-08,True,+50231204188,Independiente,767,1
232,Isabel Pérez,zacariasmuniz@example.org,2019-06-25,True,+50231337593,Estudiante,395,168
233,Carmen Ramírez,ramiro14@example.net,2018-12-04,True,+50299188862,Empresario,353,102
234,Andrés Torres,kde-jesus@example.com,2020-08-17,False,+50297977738,Empleado,397,1
235,Diego Jiménez,jonasperez@example.net,2018-11-16,True,+50289682313,Empresario,831,175
236,Alejandro García,altamiranoadan@example.com,2018-02-03,True,+50226185823,Independiente,435,123
237,Juan Sánchez,jose-eduardo85@example.com,2022-04-19,True,+50223747542,Empleado,620,95
238,Elena Hernández,yolanda78@example.com,2022-04-17,True,+50296110892,Empresario,370,136
239,Eduardo García,amaliahernandez@example.com,2019-11-04,False,+50257135617,Empresario,455,106
240,Paola Reyes,ytellez@example.org,2020-06-08,True,+50223484199,Empresario,426,151
241,Patricia Morales,abel62@example.com,2021-12-10,False,+50252211967,Empresario,553,71
242,Andrés Martínez,santiagosolano@example.org,2020-10-13,True,+50213600310,Estudiante,510,133
243,Paola Pérez,adriana50@example.org,2022-05-24,True,+50296727439,Empleado,545,127
244,Fernando Rodríguez,rubencedillo@example.com,2020-09-14,False,+50295641960,Jubilado,372,136
245,Carlos Rivera,gonzalo43@example.net,2021-07-20,True,+50261920550,Jubilado,730,94
246,Daniela González,susanasantillan@example.org,2023-04-14,True,+50212240013,Jubilado,369,4
247,Miguel Pérez,aliciaabreu@example.net,2018-06-13,True,+50263415303,Jubilado,593,161
248,Luis Cruz,nadiatello@example.com,2022-10-01,False,+50221063273,Jubilado,850,158
249,Pedro Ramírez,inegrete@example.net,2018-12-09,True,+50220606094,Jubilado,508,40
250,Daniela Flores,octavio77@example.com,2022-05-20,True,+50251630244,Independiente,544,15
251,Sofia Martínez,miguel96@example.org,2022-11-15,True,+50270850538,Jubilado,356,80
252,Gabriela González,leonjos@example.org,2019-05-05,True,+50228416255,Empleado,467,128
253,Carmen Ramírez,jesusgodoy@example.org,2019-11-15,True,+50227036337,Estudiante,420,198
254,Carlos Flores,espartacoalva@example.com,2022-10-25,True,+50280310522,Empleado,569,183
255,Eduardo Martínez,espinosaantonio@example.net,2023-07-26,False,+50278555983,Estudiante,356,128
256,Eduardo González,florencianavarrete@example.org,2022-02-15,True,+50244241100,Empleado,418,59
257,Patricia García,lemusperla@example.com,2018-06-30,True,+50242823140,Empleado,783,94
258,Fernando Hernández,cordovanorma@example.com,2020-01-04,True,+50284204255,Independiente,529,83
259,Sofia Cruz,carmen99@example.org,2021-08-03,True,+50220453825,Jubilado,681,31
260,Ricardo López,barbaravaldivia@example.com,2020-01-05,True,+50279226031,Empleado,710,18
261,Alejandro Torres,uvilla@example.com,2021-06-26,True,+50221594468,Jubilado,767,3
262,Carmen Pérez,mauriciotello@example.org,2021-04-09,True,+50293579731,Empresario,775,95
263,Eduardo Jiménez,pbotello@example.net,2020-03-11,True,+50230208677,Empleado,719,7
264,Sofia Rivera,ealvarado@example.org,2018-02-09,True,+50210196231,Independiente,614,27
265,Diego Sánchez,fde-la-o@example.net,2022-09-16,False,+50218038980,Empresario,586,24
266,María Sánchez,leonel97@example.org,2023-10-30,False,+50259995026,Independiente,386,149
267,Ana Hernández,indiracarrasco@example.org,2022-06-04,True,+50289442904,Jubilado,363,112
268,Gabriela Hernández,cristal24@example.org,2020-08-27,True,+50245029610,Estudiante,702,180
269,Patricia Flores,wendolin00@example.net,2021-07-26,False,+50246501299,Empresario,376,52
270,Pedro Rodríguez,polancoespartaco@example.com,2019-09-29,True,+50232062036,Independiente,777,81
271,Isabel Rodríguez,cavazosrene@example.org,2022-01-07,True,+50270655283,Estudiante,774,68
272,Ana Martínez,zbecerra@example.com,2019-10-08,True,+50290973889,Empleado,520,84
273,Pedro Martínez,tduran@example.com,2020-10-13,True,+50263183031,Jubilado,350,174
274,Elena Ramírez,yeniarmendariz@example.com,2019-12-14,True,+50264276605,Independiente,555,25
275,Alejandro Rodríguez,felipeortiz@example.com,2019-07-27,True,+50211604831,Empleado,527,34
276,Diego Morales,grosario@example.org,2022-03-05,True,+50288158177,Jubilado,565,20
277,Carlos Martínez,pcruz@example.com,2020-03-20,False,+50227286109,Empleado,639,32
278,María Reyes,maria86@example.com,2018-07-27,True,+50287025433,Independiente,704,128
279,Carlos Morales,diegoolivera@example.com,2022-10-14,True,+50257505459,Empresario,491,71
280,Miguel Reyes,chavezramon@example.net,2019-09-01,True,+50292423989,Jubilado,551,166
281,Elena Jiménez,henriqueznancy@example.net,2022-08-15,False,+50218184472,Empleado,586,99
282,Pedro Cruz,eorellana@example.com,2020-03-27,True,+50294658420,Jubilado,319,98
283,Claudia Rivera,omontalvo@example.org,2023-05-19,False,+50256175477,Jubilado,814,83
284,Fernando Ramírez,almabrito@example.net,2020-01-07,True,+50252799022,Jubilado,524,8
285,Claudia Ramírez,castanedasara@example.com,2018-08-28,False,+50281059199,Estudiante,538,41
286,Ana Sánchez,ulloatimoteo@example.net,2020-09-14,True,+50281630600,Empleado,524,148
287,Claudia Morales,gabrielatrevino@example.net,2021-12-24,True,+50233635791,Empresario,625,189
288,Luis Rivera,bernabe36@example.net,2018-04-26,True,+50286188876,Jubilado,445,145
289,Diego Jiménez,cisneroshoracio@example.com,2021-06-19,True,+50275825262,Empleado,392,15
290,Sofia Sánchez,anaparra@example.com,2018-03-23,False,+50210091737,Estudiante,506,34
291,Roberto González,abernal@example.com,2021-08-18,True,+50212941099,Empresario,445,199
292,Ana Rivera,corderowendolin@example.net,2018-10-25,True,+50298870866,Independiente,403,87
293,Elena Flores,mercedes95@example.com,2019-07-13,True,+50268635481,Independiente,624,45
294,Luis Rivera,benitezabril@example.org,2020-07-03,True,+50260785855,Estudiante,601,33
295,Luisa García,caridadlomeli@example.org,2022-05-23,True,+50234438599,Jubilado,625,157
296,Sofia Rodríguez,amondragon@example.com,2023-07-26,True,+50254448673,Empleado,543,89
297,Roberto González,rochaleonel@example.com,2018-12-30,True,+50269945655,Empleado,571,54
298,Sofia Martínez,jose-manuelcadena@example.org,2021-12-06,True,+50224500158,Empleado,349,99
299,Alejandro Cruz,silvia75@example.net,2019-11-13,False,+50276180344,Independiente,659,140
300,Fernando Rodríguez,carrascoaldo@example.com,2023-05-18,True,+50231831387,Independiente,375,9
301,Elena García,eugenioaltamirano@example.net,2021-07-29,True,+50224055958,Empleado,650,44
302,Fernando González,gabriel45@example.com,2018-11-04,True,+50255358959,Jubilado,794,181
303,Carlos Cruz,mcorona@example.com,2019-11-07,False,+50231086112,Empleado,403,85
304,Diego Pérez,oliver71@example.org,2022-08-04,True,+50298663948,Estudiante,604,61
305,Ana López,zcardona@example.com,2022-05-29,False,+50230614492,Empleado,669,1
306,Isabel Martínez,cintronhomero@example.org,2021-04-21,False,+50236799898,Empleado,326,53
307,Luisa Torres,octaviosarabia@example.com,2018-12-02,False,+50225503345,Estudiante,707,121
308,Valentina Ramírez,alejandro35@example.net,2019-01-09,False,+50234814337,Estudiante,690,95
309,Luisa Reyes,villarealberta@example.net,2018-07-02,True,+50269020960,Independiente,569,58
310,Miguel López,bsalcido@example.com,2019-09-12,True,+50221503440,Estudiante,723,194
311,Eduardo Sánchez,peraltaaurelio@example.net,2018-09-07,False,+50280139805,Independiente,848,176
312,Valentina Sánchez,quinonesjose-eduardo@example.com,2023-05-05,True,+50220597167,Independiente,335,129
313,Eduardo Hernández,sara33@example.com,2019-05-08,False,+50233203422,Empresario,516,50
314,Pedro López,ineszedillo@example.net,2022-10-01,True,+50268437492,Empresario,451,153
315,Miguel Flores,karina80@example.com,2018-10-02,True,+50262089786,Jubilado,706,142
316,Roberto Ramírez,francisco-javier23@example.net,2023-10-30,False,+50211659440,Jubilado,835,108
317,Ana Cruz,jose-luis05@example.org,2019-09-05,True,+50286046949,Jubilado,402,28
318,Eduardo Rodríguez,hbarrera@example.org,2021-03-17,True,+50265148727,Estudiante,692,168
319,Valentina Jiménez,omarmoreno@example.org,2018-06-03,True,+50246965460,Independiente,447,159
320,Paola Morales,ybermudez@example.com,2018-06-08,False,+50254492381,Empresario,350,191
321,Valentina Ramírez,montesabelardo@example.org,2022-03-06,True,+50255347617,Estudiante,618,72
322,Valentina Rodríguez,tbarraza@example.org,2020-07-22,True,+50250329802,Independiente,628,69
323,Patricia Cruz,ymaldonado@example.net,2019-01-01,True,+50269286198,Empresario,716,190
324,Valentina Rivera,dgallegos@example.org,2018-08-19,True,+50218806960,Estudiante,818,104
325,Pedro García,marisol36@example.net,2019-12-13,True,+50236941091,Empleado,555,9
326,Alejandro López,sonia17@example.org,2022-01-16,True,+50246772637,Estudiante,775,130
327,Fernando Rodríguez,cristina50@example.net,2018-05-06,True,+50259991642,Independiente,756,46
328,Valentina Rivera,yesparza@example.com,2021-11-11,True,+50244716747,Empleado,591,8
329,Fernando López,iaponte@example.net,2019-10-30,True,+50239709238,Empresario,511,69
330,Andrés Cruz,colungaanel@example.com,2023-10-04,True,+50211194267,Independiente,435,166
331,Luisa García,dguevara@example.org,2020-07-05,True,+50291650533,Estudiante,581,109
332,Fernando Rivera,brivera@example.net,2023-02-24,True,+50239287523,Independiente,609,174
333,Ricardo Morales,geronimo72@example.net,2019-02-24,True,+50278654208,Estudiante,589,77
334,Gabriela Rodríguez,ccorral@example.com,2023-05-28,True,+50255135227,Estudiante,632,71
335,Miguel Torres,fjuarez@example.org,2020-02-11,True,+50279429969,Empresario,358,154
336,Fernando Flores,holmos@example.com,2019-07-28,True,+50297966375,Independiente,602,67
337,Isabel Morales,dybarra@example.com,2022-05-10,True,+50288252116,Jubilado,494,88
338,Patricia Sánchez,flaviourrutia@example.com,2023-12-30,False,+50258116670,Jubilado,607,44
339,Gabriela González,zacarias74@example.net,2021-04-18,True,+50273187139,Empresario,564,186
340,Claudia González,gollumjavier@example.net,2021-10-06,True,+50239830361,Estudiante,528,191
341,Elena Cruz,abrilarellano@example.org,2021-09-19,True,+50244971668,Jubilado,601,119
342,Ana Jiménez,epalomino@example.net,2018-08-08,True,+50273380252,Empresario,812,31
343,Gabriela Morales,hharo@example.net,2023-12-11,True,+50265446317,Empleado,454,36
344,Diego Flores,angelicaurena@example.net,2022-08-04,False,+50229223220,Estudiante,484,200
345,Juan Jiménez,lemusolga@example.com,2021-09-24,True,+50252065724,Empleado,304,116
346,Miguel Pérez,germanacevedo@example.org,2019-11-22,True,+50275709924,Empleado,432,158
347,Isabel Cruz,javier23@example.com,2022-07-11,False,+50274075580,Independiente,304,10
348,Daniela Pérez,galmaraz@example.net,2022-03-09,True,+50253246714,Jubilado,495,5
349,Gabriela García,hde-la-rosa@example.com,2020-10-16,True,+50256217844,Estudiante,432,27
350,Fernando Torres,alonzosantiago@example.net,2019-11-16,True,+50216136213,Estudiante,597,117
351,Patricia Flores,jos07@example.org,2022-11-12,True,+50256000822,Independiente,667,193
352,Diego González,rodarteelvira@example.org,2022-07-11,True,+50240657783,Empresario,434,55
353,Patricia García,diana17@example.net,2023-08-29,True,+50226530521,Estudiante,338,97
354,Andrés Ramírez,sergioalcantar@example.org,2023-12-31,True,+50289715138,Empleado,410,168
355,Carlos López,rnavarro@example.net,2019-04-20,False,+50269634854,Independiente,426,141
356,Miguel Jiménez,zde-la-cruz@example.com,2019-09-20,True,+50294598956,Empleado,608,108
357,Gabriela Rodríguez,concepcionclaudia@example.com,2023-11-02,True,+50293590502,Jubilado,440,108
358,Ana Rodríguez,jose-emilio40@example.com,2021-03-03,True,+50224262473,Independiente,503,156
359,Diego Ramírez,idel-rio@example.com,2023-11-13,True,+50258039455,Independiente,602,42
360,María Jiménez,anel12@example.net,2020-04-30,False,+50254372866,Empresario,302,4
361,Gabriela Martínez,javier22@example.com,2019-03-29,False,+50230017834,Empleado,823,20
362,Patricia Rodríguez,puribe@example.org,2020-11-14,True,+50271304112,Estudiante,570,119
363,María Rodríguez,solissalma@example.org,2019-12-17,True,+50248999266,Estudiante,620,110
364,Patricia Rodríguez,jonasmarrero@example.net,2019-01-25,True,+50211298197,Empresario,474,85
365,Carmen Reyes,apedroza@example.org,2021-01-03,True,+50260012498,Estudiante,487,30
366,Fernando Morales,adriana33@example.org,2023-02-13,True,+50261769856,Independiente,731,167
367,Claudia González,indiraguevara@example.net,2019-04-09,True,+50217871385,Empresario,406,107
368,Eduardo Jiménez,collazolorena@example.com,2022-11-30,True,+50292050405,Independiente,667,157
369,Carlos Hernández,furrutia@example.org,2023-06-02,False,+50225158211,Independiente,751,12
370,Juan Ramírez,andreagriego@example.net,2021-07-11,True,+50280439867,Jubilado,529,172
371,Roberto Rodríguez,partidarebeca@example.org,2022-11-08,True,+50274683506,Estudiante,694,39
372,Daniela López,ksanches@example.net,2018-02-17,True,+50277856130,Independiente,807,43
373,Juan Jiménez,imarin@example.org,2021-08-06,True,+50254411953,Estudiante,351,130
374,Sofia Morales,teresa95@example.org,2022-07-10,True,+50220580463,Independiente,754,147
375,Alejandro Martínez,korozco@example.org,2023-08-04,False,+50252421060,Empleado,809,191
376,Andrés García,luevanofelipe@example.org,2019-02-25,False,+50265343143,Empleado,300,24
377,Claudia Torres,oliver80@example.com,2023-09-14,True,+50297858385,Independiente,649,94
378,María Sánchez,granadoasuncion@example.net,2023-02-05,True,+50285182173,Jubilado,784,184
379,Gabriela Rivera,jharo@example.com,2023-01-28,True,+50223077775,Empresario,302,88
380,Carmen Torres,judith15@example.com,2023-11-09,True,+50224270328,Empleado,468,127
381,Pedro Cruz,francisco-javier25@example.com,2019-03-15,True,+50291987136,Empresario,492,31
382,Fernando Pérez,yanezdavid@example.org,2023-02-16,True,+50255356673,Empleado,724,12
383,Andrés Rodríguez,villasenoremilio@example.com,2023-01-20,False,+50298376561,Jubilado,816,35
384,Valentina García,rrodriguez@example.com,2023-12-13,True,+50284252780,Independiente,794,131
385,Jorge González,jose-mariagrijalva@example.org,2019-12-13,True,+50223898777,Independiente,629,130
386,Fernando Cruz,maria-elenaperes@example.org,2020-10-13,True,+50263401206,Estudiante,601,116
387,Claudia Hernández,celiaramirez@example.org,2019-07-20,False,+50290869462,Jubilado,606,180
388,Daniela Flores,maurocaban@example.org,2020-06-09,True,+50238147161,Jubilado,597,176
389,Carmen Hernández,jaquelinepartida@example.net,2019-12-30,True,+50225489430,Estudiante,791,150
390,Eduardo Cruz,arocha@example.com,2023-12-27,True,+50266691738,Empleado,835,28
391,Carlos Morales,abregofrida@example.net,2019-08-19,True,+50299959993,Empleado,504,69
392,Jorge González,barrientosveronica@example.org,2021-03-19,True,+50229653285,Empleado,602,53
393,Jorge López,mbaez@example.com,2022-01-09,False,+50223754633,Jubilado,529,191
394,Andrés Morales,lcornejo@example.org,2020-08-31,True,+50299186817,Empleado,690,100
395,Isabel Flores,magdalenamatias@example.net,2018-08-09,True,+50243734435,Empresario,753,58
396,Andrés Rivera,xperalta@example.net,2020-03-15,True,+50249483865,Independiente,481,175
397,Juan González,eduardoescobedo@example.com,2019-12-13,True,+50260626689,Empleado,738,72
398,Daniela Ramírez,andrealomeli@example.net,2019-06-17,True,+50288381281,Estudiante,305,85
399,Alejandro Hernández,ivonne61@example.com,2018-06-13,True,+50253302669,Jubilado,352,199
400,Andrés Torres,pulibarri@example.net,2023-07-03,True,+50219781894,Estudiante,838,57
401,Luisa Martínez,mauro79@example.com,2023-09-01,True,+50265825346,Jubilado,849,104
402,Juan Rivera,bustamantemanuel@example.com,2020-06-25,True,+50299031246,Estudiante,639,93
403,Elena Pérez,achacon@example.com,2023-12-13,False,+50285341065,Empleado,417,172
404,Carmen Reyes,eliassuarez@example.net,2020-09-11,True,+50215352233,Estudiante,690,30
405,Fernando Ramírez,wzambrano@example.com,2021-03-04,True,+50279372824,Estudiante,826,131
406,Alejandro Jiménez,frazo@example.org,2018-06-29,True,+50297446634,Empresario,628,132
407,Juan Rodríguez,kgodoy@example.com,2019-11-17,True,+50294145533,Empleado,515,172
408,Andrés Pérez,jose-carlos21@example.com,2022-10-04,True,+50237592422,Jubilado,745,166
409,Juan Hernández,nicolas19@example.org,2018-04-08,False,+50254522084,Empleado,389,19
410,María González,ayalanorma@example.com,2020-10-28,True,+50287170132,Empresario,564,105
411,Fernando Reyes,raquelybarra@example.org,2022-07-15,False,+50252467059,Empleado,698,173
412,Ana García,salcidoalvaro@example.org,2018-09-17,True,+50219742790,Estudiante,814,28
413,Elena Torres,cristalcandelaria@example.org,2018-12-21,True,+50268743898,Independiente,704,170
414,Carlos Jiménez,raul93@example.net,2019-10-03,True,+50228304809,Independiente,602,163
415,Pedro Torres,gbarraza@example.net,2022-03-09,True,+50284292758,Jubilado,444,32
416,María García,lucerojacinto@example.org,2022-06-03,True,+50250894954,Empresario,652,55
417,Isabel Hernández,amadordulce@example.net,2019-10-22,True,+50239633659,Jubilado,558,50
418,Ana González,indiracardenas@example.org,2018-08-11,False,+50296526748,Jubilado,374,75
419,Gabriela Martínez,normacordero@example.org,2020-10-23,True,+50236496940,Jubilado,798,85
420,Carmen Hernández,sierraramon@example.com,2020-08-18,True,+50248270459,Jubilado,371,50
421,Roberto Jiménez,antonio74@example.org,2023-01-20,True,+50292724080,Estudiante,456,145
422,Eduardo Rivera,gmota@example.com,2021-07-19,False,+50232634412,Empleado,620,64
423,Claudia Sánchez,mercedescanales@example.net,2022-11-22,True,+50258249394,Empresario,639,123
424,Alejandro Reyes,cordovageronimo@example.net,2022-01-09,True,+50275360192,Jubilado,411,45
425,Andrés Martínez,portega@example.org,2021-02-23,True,+50282292089,Empresario,569,188
426,Andrés Martínez,rayaconchita@example.com,2018-11-05,True,+50278072320,Empleado,714,197
427,Eduardo Pérez,modesto83@example.net,2018-05-31,True,+50282943217,Jubilado,783,168
428,Jorge Hernández,vanesa87@example.com,2022-02-07,False,+50239971710,Jubilado,597,35
429,Alejandro Martínez,nmontes@example.org,2022-06-14,True,+50277399750,Empleado,544,158
430,Gabriela González,gonzalo66@example.com,2023-10-07,True,+50269890694,Empresario,483,145
431,Eduardo Hernández,rcrespo@example.com,2023-06-04,True,+50215425057,Empresario,799,60
432,Juan Ramírez,trinidad12@example.org,2022-02-22,True,+50215745651,Empresario,830,93
433,Fernando Jiménez,elviraestevez@example.org,2023-02-06,True,+50215355917,Estudiante,405,181
434,Ricardo Ramírez,leonorarteaga@example.com,2020-12-14,True,+50260554391,Independiente,674,151
435,Andrés Martínez,judith34@example.com,2023-10-18,True,+50260509993,Empresario,828,104
436,Carmen Rivera,natividadruiz@example.com,2023-06-18,False,+50291095825,Empleado,813,36
437,Alejandro González,espartacoresendez@example.org,2020-07-31,True,+50279060560,Estudiante,516,39
438,Luisa González,emiliopabon@example.net,2022-01-23,True,+50298732634,Empresario,724,85
439,Patricia Rodríguez,ricardo88@example.org,2023-05-27,False,+50274293132,Empresario,465,166
440,Isabel García,negretedario@example.net,2020-09-25,True,+50227164449,Jubilado,464,35
441,Andrés López,nazariopatricia@example.com,2019-08-25,True,+50232325960,Estudiante,484,133
442,Fernando García,vasquezabelardo@example.net,2021-03-07,True,+50239070676,Independiente,782,124
443,Luisa Sánchez,corneliobanuelos@example.net,2022-08-10,True,+50288201440,Empresario,823,68
444,Luisa Flores,jorge21@example.net,2023-02-01,True,+50240845084,Independiente,694,34
445,Ana García,abrito@example.net,2020-04-08,False,+50230073763,Jubilado,398,46
446,Valentina López,zzamora@example.com,2023-12-17,True,+50222507745,Independiente,433,155
447,Daniela García,iglesiasmaria-teresa@example.net,2022-11-03,False,+50259711219,Empleado,842,110
448,Sofia Jiménez,dmerino@example.net,2022-04-11,True,+50289060695,Jubilado,400,109
449,Pedro Ramírez,alonzoblanca@example.net,2023-05-09,True,+50221249805,Estudiante,718,66
450,Diego García,grenteria@example.org,2018-01-30,True,+50279761254,Empleado,684,168
451,Diego Flores,bgodoy@example.org,2022-08-02,True,+50224305357,Empresario,736,167
452,Eduardo Ramírez,gterrazas@example.net,2020-12-06,False,+50285788756,Estudiante,582,175
453,Fernando Pérez,gmanzanares@example.net,2022-08-20,False,+50233987338,Estudiante,795,65
454,Elena Rivera,madridjacinto@example.net,2022-06-19,True,+50298487446,Empleado,535,115
455,Claudia González,archuletajose-emilio@example.org,2019-02-15,True,+50278228715,Independiente,646,141
456,Paola López,clemente13@example.net,2019-10-21,False,+50295345915,Empleado,393,38
457,Valentina Cruz,julia82@example.net,2018-12-28,True,+50245311610,Empresario,679,21
458,Paola López,rojojacinto@example.org,2022-04-24,False,+50292405066,Jubilado,593,183
459,Paola López,pereaperla@example.net,2019-12-19,False,+50268917831,Empleado,506,169
460,Claudia Torres,rosarioabelardo@example.net,2020-03-08,True,+50290465529,Jubilado,828,179
461,Sofia González,dulce43@example.com,2018-05-28,True,+50242112480,Empleado,461,23
462,Miguel Morales,anel32@example.net,2021-12-17,False,+50264418707,Jubilado,505,133
463,Carlos Martínez,fuentesmaria-eugenia@example.org,2019-01-05,True,+50285042992,Jubilado,656,89
464,Miguel Sánchez,francisca87@example.net,2020-03-07,False,+50264218119,Jubilado,304,67
465,Luisa Cruz,quirozgerman@example.org,2023-09-05,True,+50284978145,Empleado,815,76
466,Roberto Rodríguez,eloisa34@example.net,2023-10-04,True,+50282196170,Jubilado,556,178
467,Alejandro Morales,carreonaldonza@example.org,2023-06-04,True,+50255588495,Independiente,771,151
468,Carlos Jiménez,jaqueline84@example.net,2019-04-22,True,+50219066979,Independiente,525,174
469,Luis Sánchez,baragon@example.net,2021-07-17,False,+50257391778,Jubilado,848,3
470,Luis Ramírez,barbara58@example.com,2020-10-13,True,+50222483514,Independiente,650,20
471,Daniela González,gastelumjose-carlos@example.com,2023-05-06,True,+50257451057,Empresario,575,47
472,Patricia Pérez,jtamayo@example.net,2023-08-06,True,+50241522559,Empresario,571,53
473,Sofia Pérez,bermudezesteban@example.net,2020-10-19,True,+50230937370,Empleado,422,21
474,Gabriela Jiménez,carrillomayte@example.org,2018-01-28,True,+50274732147,Estudiante,622,127
475,Eduardo Ramírez,navasofia@example.com,2023-07-04,True,+50278603195,Estudiante,707,57
476,Jorge Hernández,vmontero@example.org,2018-08-10,False,+50274199033,Jubilado,333,129
477,Carmen Morales,mreyna@example.net,2019-12-17,False,+50226155543,Jubilado,771,81
478,Luis García,klugo@example.com,2018-02-18,True,+50260925964,Jubilado,403,84
479,Carmen Ramírez,eloisaraya@example.net,2020-02-06,True,+50241828278,Estudiante,782,157
480,Roberto Rivera,ezambrano@example.net,2020-01-24,False,+50266900650,Empresario,729,180
481,Jorge Rivera,silvanovillalobos@example.org,2022-02-04,False,+50247531240,Independiente,484,147
482,Pedro Sánchez,riveradaniela@example.org,2019-02-14,True,+50241649234,Jubilado,742,98
483,Diego Hernández,salazarleonardo@example.net,2019-09-05,False,+50211307588,Empresario,731,128
484,Pedro Flores,carolinaescobedo@example.net,2023-06-17,True,+50243685164,Jubilado,348,102
485,Ana González,eanguiano@example.com,2018-09-03,True,+50244130183,Independiente,398,116
486,Patricia Flores,inespelayo@example.com,2020-11-30,True,+50258359530,Jubilado,563,89
487,Carlos Cruz,teresa98@example.com,2019-05-12,True,+50291279039,Empresario,478,200
488,Elena Rivera,estela60@example.org,2021-08-24,False,+50269985944,Empleado,690,158
489,Elena Reyes,laureanomercedes@example.com,2019-08-17,True,+50295977279,Estudiante,731,162
490,Paola Morales,nayelizamudio@example.org,2018-10-20,True,+50231743203,Estudiante,533,81
491,Roberto Torres,armentaelvia@example.com,2020-12-31,False,+50246406303,Independiente,671,192
492,Eduardo Reyes,kmanzanares@example.com,2022-08-23,True,+50234680787,Empleado,428,187
493,Sofia Ramírez,munozgabriel@example.net,2018-11-24,True,+50232402343,Independiente,405,25
494,Juan Jiménez,fguzman@example.net,2018-08-09,True,+50263286118,Jubilado,385,27
495,Miguel Hernández,chenriquez@example.net,2018-12-12,False,+50251523026,Empresario,553,189
496,Elena Reyes,enriquerosas@example.net,2019-06-02,True,+50280698159,Empresario,329,9
497,Gabriela Rivera,clementearagon@example.org,2021-08-25,False,+50272705646,Jubilado,578,141
498,Alejandro Hernández,cynthiaroldan@example.org,2019-12-27,False,+50294697764,Jubilado,745,135
499,Andrés Torres,ncasarez@example.com,2021-11-23,False,+50282433029,Empresario,391,114
500,Elena Rivera,magdalenamontoya@example.net,2022-08-16,True,+50230900054,Estudiante,310,1
501,Ricardo Hernández,pablo31@example.org,2021-11-09,True,+50272974683,Jubilado,308,177
502,Valentina Jiménez,armandopatino@example.com,2021-05-12,True,+50267772049,Estudiante,536,2
503,Daniela Rivera,rde-leon@example.org,2020-02-12,False,+50285236332,Independiente,704,64
504,Luisa Morales,calderaesteban@example.com,2022-03-30,True,+50245296615,Empleado,732,161
505,Sofia Ramírez,jose-carlos89@example.com,2021-03-12,True,+50265419020,Empresario,370,47
506,Pedro Torres,daliacarrero@example.net,2019-03-29,False,+50292910238,Independiente,578,180
507,Paola Jiménez,naranjofederico@example.net,2020-02-09,True,+50212603206,Empresario,350,137
508,Carlos González,zamoraolga@example.net,2019-02-23,True,+50246130759,Empresario,748,187
509,Carlos Sánchez,oterogerman@example.org,2019-01-05,True,+50211976335,Independiente,522,88
510,Isabel Torres,jacintomalave@example.net,2023-08-04,True,+50272234675,Empleado,638,21
511,Jorge Hernández,nfuentes@example.net,2018-08-18,True,+50262669959,Empleado,781,47
512,Diego Ramírez,luisaburgos@example.org,2022-04-12,True,+50226369402,Empresario,694,198
513,Alejandro Sánchez,rolonhelena@example.org,2018-05-18,True,+50271852177,Empleado,833,171
514,Diego Jiménez,angeltoledo@example.org,2022-05-13,True,+50253360807,Empresario,343,191
515,Daniela Rodríguez,zfajardo@example.org,2020-11-03,False,+50295700705,Estudiante,503,93
516,María Pérez,zolivas@example.com,2019-04-08,True,+50294947603,Independiente,632,4
517,Luisa Ramírez,hernan86@example.org,2019-05-06,False,+50242626898,Empleado,343,149
518,Claudia Jiménez,icorona@example.com,2019-09-27,True,+50222009789,Empresario,461,128
519,Juan Flores,munozalicia@example.com,2018-09-03,True,+50257716774,Empresario,849,28
520,Pedro Jiménez,elias81@example.com,2020-08-11,True,+50284940527,Estudiante,749,188
521,Diego García,rpolanco@example.org,2022-03-28,True,+50228083446,Estudiante,340,125
522,Luis Reyes,alejandrolira@example.org,2021-04-22,False,+50235471281,Jubilado,491,140
523,Carmen Flores,uaviles@example.com,2023-04-03,True,+50290353461,Jubilado,464,18
524,Ricardo Hernández,luis-miguel24@example.com,2023-01-15,True,+50245346140,Jubilado,675,117
525,Carlos Morales,hilda26@example.org,2020-01-30,True,+50293179370,Estudiante,544,83
526,Patricia Martínez,iurbina@example.org,2022-05-07,True,+50280339453,Independiente,457,157
527,Elena Flores,cornelio44@example.org,2022-08-06,True,+50224826245,Empleado,835,169
528,Juan López,csalcido@example.com,2019-06-16,True,+50214197492,Empresario,409,125
529,Diego Rodríguez,msauceda@example.net,2018-05-11,False,+50298304696,Independiente,838,160
530,Luis Ramírez,haranda@example.com,2018-07-21,True,+50239624910,Jubilado,372,4
531,Diego Jiménez,cecilia22@example.org,2018-11-24,False,+50295753950,Empleado,669,143
532,Patricia Cruz,saranda@example.com,2022-02-20,True,+50292803389,Estudiante,841,11
533,Patricia Martínez,rebecanunez@example.org,2021-05-29,True,+50238977615,Jubilado,399,26
534,Patricia Sánchez,ferrerana@example.com,2023-12-18,False,+50235428946,Empresario,838,169
535,Sofia González,tamayosusana@example.net,2022-08-28,True,+50295714702,Jubilado,666,173
536,Alejandro Cruz,jose-emiliocardona@example.net,2019-03-03,True,+50234212413,Jubilado,711,130
537,Roberto González,irma37@example.net,2023-12-27,False,+50257288136,Estudiante,632,96
538,Isabel Cruz,modestosaucedo@example.com,2021-08-17,True,+50285584002,Jubilado,519,97
539,Jorge Ramírez,daliaquezada@example.net,2022-01-14,False,+50270062404,Independiente,300,186
540,María Torres,aldo40@example.net,2018-03-08,True,+50250512501,Empleado,607,57
541,Diego Flores,haronoelia@example.com,2018-03-30,True,+50284311410,Jubilado,458,25
542,María Reyes,mariana88@example.net,2021-12-27,True,+50228576833,Estudiante,675,150
543,Sofia Sánchez,trevinokarla@example.org,2020-11-15,True,+50222335296,Jubilado,709,146
544,Diego Martínez,indira13@example.com,2021-08-22,False,+50233206579,Independiente,397,153
545,Andrés Torres,sarevalo@example.com,2018-06-03,False,+50220533057,Empleado,642,90
546,Isabel Cruz,castellanoscynthia@example.org,2019-05-09,True,+50297614538,Jubilado,311,163
547,Jorge Morales,manuelpulido@example.net,2018-08-10,True,+50280381542,Empleado,626,139
548,Eduardo Hernández,miriamgodinez@example.org,2021-08-31,True,+50230561818,Empleado,702,115
549,Jorge Martínez,xojeda@example.net,2020-06-28,False,+50248894019,Independiente,451,34
550,Roberto Martínez,ecano@example.net,2023-05-04,True,+50283571770,Independiente,568,22
551,Fernando Cruz,de-leonfelipe@example.org,2019-06-19,True,+50274548325,Jubilado,502,125
552,Fernando Pérez,srivera@example.net,2023-11-18,True,+50242522981,Empleado,572,199
553,Isabel Flores,peralesenrique@example.net,2019-01-02,True,+50265510043,Independiente,674,90
554,Diego Flores,esperanzanava@example.net,2021-11-12,True,+50250912093,Empresario,658,158
555,Claudia Reyes,mauro71@example.org,2019-08-21,False,+50216023362,Empresario,504,176
556,Carmen Hernández,aurorarobledo@example.com,2018-12-18,True,+50217319968,Empresario,451,74
557,Carlos Flores,trodarte@example.org,2019-04-01,True,+50270406241,Independiente,323,85
558,Diego Pérez,jose-emiliopuga@example.com,2020-04-14,True,+50283658696,Independiente,444,178
559,Luis García,dbenavidez@example.org,2022-03-23,True,+50244286770,Empresario,361,73
560,Diego Ramírez,merazisaac@example.net,2018-08-06,False,+50297880113,Empleado,368,100
561,Gabriela Ramírez,garroyo@example.org,2022-01-15,True,+50212560649,Estudiante,695,60
562,Fernando Rodríguez,canalesporfirio@example.com,2021-07-16,False,+50290142265,Jubilado,390,48
563,Diego Reyes,raulmuro@example.com,2018-03-30,True,+50243204410,Jubilado,612,86
564,Valentina Morales,fonsecaaugusto@example.org,2019-10-06,True,+50256544010,Estudiante,663,161
565,Elena Sánchez,maria-eugenia07@example.org,2023-08-16,True,+50218322800,Estudiante,696,8
566,Daniela Ramírez,nayelialmonte@example.com,2020-07-12,True,+50255873760,Independiente,440,23
567,Patricia Morales,arredondovictoria@example.org,2023-11-03,True,+50266013532,Empresario,456,110
568,Elena Flores,beatrizgarcia@example.com,2023-01-14,True,+50237750491,Empresario,507,36
569,Elena Hernández,maria-del-carmen05@example.org,2022-10-28,True,+50298077934,Jubilado,461,82
570,Juan Rodríguez,francisco-javier72@example.net,2020-01-25,True,+50229531743,Empleado,626,106
571,Isabel Torres,rojoisrael@example.org,2022-12-20,True,+50230395330,Empresario,409,34
572,Luisa García,qloya@example.net,2020-12-29,True,+50290042177,Empresario,536,176
573,Carlos Rivera,bernalhoracio@example.net,2018-11-22,False,+50227996802,Jubilado,780,183
574,Andrés Rivera,delia56@example.org,2020-01-24,False,+50275960711,Independiente,440,42
575,Diego Sánchez,minervalinares@example.org,2018-05-13,False,+50212015179,Estudiante,722,57
576,Patricia Pérez,evelio09@example.org,2020-04-17,True,+50233767033,Independiente,801,177
577,Roberto Reyes,eloy03@example.com,2020-10-07,False,+50264340297,Empleado,689,185
578,Roberto Morales,jaimebernal@example.net,2023-11-22,True,+50279880338,Empleado,762,117
579,María Sánchez,oliviaaviles@example.org,2023-10-26,False,+50215268263,Jubilado,696,133
580,Jorge López,israel91@example.com,2020-02-17,True,+50268995922,Independiente,611,199
581,Elena Reyes,ana-mariabarragan@example.com,2019-11-13,False,+50249516346,Jubilado,355,177
582,Ricardo Hernández,espinalamelia@example.net,2023-03-14,False,+50222138759,Jubilado,415,47
583,Jorge Hernández,fcorral@example.com,2022-05-30,False,+50253414191,Independiente,325,46
584,Alejandro Pérez,recheverria@example.org,2023-02-06,True,+50243565477,Estudiante,467,184
585,Patricia Rodríguez,pilarsegura@example.org,2019-01-09,True,+50270317234,Estudiante,387,135
586,Luis Morales,araceli15@example.org,2023-09-27,True,+50260825385,Jubilado,689,12
587,Jorge González,etamez@example.org,2021-10-04,True,+50231759927,Empresario,483,197
588,Luis López,ines72@example.org,2022-09-15,True,+50251542843,Independiente,595,161
589,Luisa Rodríguez,noemi43@example.com,2019-06-23,True,+50210474177,Jubilado,559,4
590,Alejandro Jiménez,teodoro86@example.com,2023-08-05,True,+50291602221,Independiente,543,56
591,Eduardo Jiménez,rfonseca@example.net,2023-02-02,False,+50269307507,Empleado,306,63
592,Daniela Ramírez,juliabermudez@example.net,2020-04-30,True,+50234808803,Empresario,356,168
593,Carmen López,qalcaraz@example.net,2019-08-19,True,+50299522760,Jubilado,605,85
594,Juan López,jesus30@example.org,2019-03-23,False,+50233924094,Empresario,591,157
595,Gabriela González,droque@example.net,2023-02-09,True,+50214810369,Empleado,606,83
596,Carmen Morales,torresvictor@example.org,2018-10-05,False,+50283882978,Empleado,599,121
597,Pedro Rodríguez,teodoro04@example.org,2021-01-29,True,+50280739820,Independiente,837,54
598,Luis Pérez,citlalicarrillo@example.com,2018-08-27,True,+50286687590,Jubilado,389,124
599,Patricia Torres,ycolunga@example.org,2022-10-16,True,+50244850980,Jubilado,662,34
600,Paola Jiménez,albertode-la-cruz@example.net,2023-10-30,False,+50276102828,Empresario,538,182
601,Elena Pérez,mondragonnoelia@example.com,2018-01-07,True,+50213219453,Independiente,420,189
602,Diego Cruz,vperalta@example.org,2022-08-23,True,+50254800838,Estudiante,517,3
603,Andrés Pérez,eugenio77@example.net,2021-02-27,True,+50219104802,Estudiante,607,130
604,Daniela Flores,hugo59@example.org,2018-01-26,True,+50254732472,Estudiante,705,186
605,Eduardo García,trinidad80@example.net,2019-12-21,True,+50254360949,Estudiante,790,122
606,Claudia López,arroyobernardo@example.net,2019-07-11,False,+50230855594,Independiente,849,86
607,Alejandro Cruz,santiago93@example.org,2018-08-18,True,+50285825317,Estudiante,848,5
608,Diego Flores,eloisa57@example.org,2021-12-19,True,+50230039365,Estudiante,331,87
609,Fernando González,itejada@example.net,2022-05-15,True,+50289885300,Empleado,615,181
610,Roberto López,leonor26@example.net,2021-01-17,False,+50221649801,Independiente,543,96
611,Alejandro Torres,gomezsilvano@example.net,2020-06-04,True,+50233489813,Empleado,683,10
612,Jorge Pérez,ramiro89@example.com,2019-01-15,False,+50277913458,Empleado,794,129
613,Pedro Pérez,gollumsocorro@example.org,2021-10-25,False,+50280280155,Estudiante,635,37
614,Jorge Rodríguez,galarzaclaudia@example.org,2023-10-16,True,+50237539747,Empleado,770,100
615,Luis Rodríguez,rangelmanuel@example.net,2018-01-17,True,+50215909601,Jubilado,389,86
616,Alejandro López,mesaagustin@example.org,2019-02-27,True,+50213017249,Jubilado,619,164
617,Diego Flores,zoe01@example.org,2020-04-01,True,+50248462422,Estudiante,845,82
618,Jorge Reyes,dleiva@example.net,2019-04-27,True,+50230041488,Empresario,580,30
619,Carlos Rodríguez,vavalos@example.net,2020-04-26,True,+50283734610,Estudiante,577,37
620,Luis Torres,federico68@example.org,2020-09-29,True,+50219562056,Estudiante,646,139
621,Alejandro López,quinonesguillermina@example.org,2019-06-17,True,+50273181059,Empleado,408,99
622,María Martínez,karlazarate@example.org,2022-10-13,False,+50234022690,Jubilado,756,158
623,Carmen Torres,epedroza@example.net,2021-09-23,True,+50281603135,Empleado,776,146
624,Pedro Martínez,kpena@example.com,2023-04-03,True,+50271147472,Estudiante,776,121
625,Sofia Sánchez,arturode-la-o@example.net,2019-08-12,True,+50258781345,Independiente,487,180
626,Gabriela Flores,ilse53@example.net,2021-08-23,False,+50275432046,Empleado,366,122
627,Ana Rivera,villaandrea@example.com,2023-05-15,False,+50232924595,Estudiante,656,155
628,Eduardo Hernández,hilda97@example.com,2023-09-12,True,+50264450250,Empleado,633,143
629,Andrés Martínez,mario71@example.org,2021-05-22,False,+50263796676,Jubilado,723,62
630,Paola Sánchez,xcabrera@example.com,2019-10-14,False,+50261514973,Empleado,648,54
631,Luis Cruz,covarrubiaseugenio@example.com,2022-11-19,True,+50283085160,Empresario,477,170
632,Gabriela Martínez,lescobedo@example.net,2023-06-17,True,+50289478790,Jubilado,774,84
633,Daniela Rodríguez,tania87@example.com,2022-12-29,True,+50251343854,Independiente,371,154
634,Ana Morales,ireneolvera@example.com,2021-09-03,False,+50296568973,Empleado,392,56
635,Pedro García,micaelavazquez@example.net,2019-08-24,True,+50270797197,Jubilado,598,100
636,Paola Reyes,monica66@example.net,2020-03-12,True,+50252493026,Estudiante,611,112
637,Luis Rivera,socorrogalarza@example.org,2019-01-01,True,+50292072899,Jubilado,713,33
638,Elena López,georginaacosta@example.org,2022-02-21,True,+50210113187,Jubilado,667,29
639,Elena García,yolanda34@example.net,2020-08-21,False,+50289210454,Independiente,625,183
640,Fernando Morales,itzelholguin@example.com,2022-04-12,False,+50283164605,Empresario,477,122
641,Pedro Pérez,asuncionbarela@example.com,2022-04-25,True,+50266000400,Empresario,595,172
642,Pedro Hernández,juliobadillo@example.com,2018-02-17,True,+50297025331,Empleado,447,185
643,Valentina Cruz,wcolunga@example.net,2019-07-11,True,+50228417392,Independiente,766,179
644,Paola Cruz,de-la-olucas@example.org,2020-01-07,False,+50278372512,Independiente,760,99
645,Carmen Sánchez,espartatamayo@example.org,2020-02-01,False,+50291144449,Empleado,810,188
646,Sofia Ramírez,sonia25@example.org,2022-08-10,True,+50214491176,Empleado,794,181
647,Carmen Rodríguez,tjaime@example.net,2023-05-27,True,+50229070658,Jubilado,586,120
648,Ricardo Martínez,luisa94@example.com,2023-11-14,True,+50242914388,Independiente,379,176
649,Andrés Torres,miguel12@example.org,2018-08-05,True,+50281810948,Empleado,780,117
650,Ricardo Jiménez,amaliavera@example.net,2021-09-19,False,+50257367387,Estudiante,596,43
651,María Torres,pmontalvo@example.net,2020-12-02,True,+50294463223,Independiente,473,147
652,María Torres,pabonluis-miguel@example.com,2018-04-22,True,+50275063411,Empleado,429,130
653,Juan Ramírez,bertaleal@example.org,2020-10-29,True,+50292650976,Estudiante,581,66
654,Carlos Rodríguez,vmesa@example.com,2019-12-17,True,+50298470372,Independiente,678,45
655,Miguel Sánchez,mercedesperales@example.net,2023-06-10,True,+50280784933,Empleado,651,22
656,Pedro Hernández,canoolivia@example.net,2023-07-25,False,+50261427803,Empresario,750,186
657,Andrés González,asuncion90@example.net,2020-05-13,True,+50217291483,Estudiante,418,14
658,Luisa Reyes,susana58@example.net,2022-06-22,False,+50250448811,Independiente,845,60
659,Fernando Morales,eterrazas@example.net,2023-04-28,True,+50229481680,Jubilado,745,4
660,Elena Reyes,garteaga@example.com,2022-04-14,True,+50281169409,Empleado,399,137
661,Andrés Rivera,elenamunoz@example.org,2022-11-04,True,+50254958564,Estudiante,573,26
662,Miguel Morales,amanda06@example.com,2023-03-04,True,+50289017236,Empresario,832,87
663,Gabriela González,partidagerardo@example.com,2021-07-07,True,+50211137651,Empleado,312,106
664,Ana Rodríguez,aliciarael@example.org,2023-01-01,True,+50239449560,Estudiante,557,50
665,María García,gaonajavier@example.org,2019-01-12,True,+50289743930,Empresario,424,182
666,Ana Martínez,daniela79@example.com,2019-06-17,False,+50298099795,Jubilado,489,29
667,Luis González,quirozmaria-eugenia@example.org,2020-11-03,True,+50272673716,Empleado,764,71
668,Jorge Cruz,juanaraya@example.net,2021-08-17,True,+50231738712,Empleado,583,199
669,María Morales,blanca91@example.org,2022-05-11,True,+50218060935,Estudiante,571,46
670,Alejandro Martínez,zambranovictoria@example.com,2023-07-08,True,+50291913332,Independiente,482,166
671,Valentina Rodríguez,qmedina@example.com,2019-08-13,False,+50239311339,Jubilado,408,114
672,Luis Ramírez,maria-elenameraz@example.org,2019-02-28,True,+50219787090,Empleado,556,199
673,Alejandro García,silvanoolivarez@example.net,2023-08-01,True,+50297626101,Empleado,338,171
674,Fernando Ramírez,saucedoeric@example.com,2019-09-13,True,+50262523472,Jubilado,303,132
675,Luis Jiménez,abreumaria@example.org,2023-05-13,False,+50264212251,Empleado,531,1
676,Fernando Jiménez,oscarvargas@example.net,2019-05-12,True,+50254753520,Estudiante,710,15
677,Andrés Martínez,njurado@example.net,2022-02-05,True,+50220798726,Independiente,596,166
678,Diego González,jcamarillo@example.net,2018-06-11,False,+50298682228,Empresario,606,179
679,Fernando Rodríguez,granadodalia@example.net,2022-01-11,False,+50221390049,Independiente,494,36
680,María Pérez,rocio51@example.net,2018-04-14,True,+50275663681,Independiente,364,139
681,Andrés Torres,xalarcon@example.net,2023-08-09,False,+50212203625,Empleado,647,15
682,Roberto López,arredondoaurelio@example.com,2022-07-19,True,+50238410963,Jubilado,769,174
683,Daniela Hernández,qgallardo@example.org,2020-08-12,True,+50214949636,Empresario,800,168
684,Carlos Jiménez,victoria73@example.com,2018-07-07,True,+50297078639,Empresario,314,45
685,Andrés López,halmaraz@example.net,2021-06-12,True,+50271228059,Jubilado,474,152
686,Juan Rodríguez,alejandroluz@example.com,2019-04-13,False,+50289856515,Jubilado,525,17
687,Claudia Pérez,naguayo@example.net,2022-10-12,True,+50263956682,Estudiante,423,176
688,Eduardo Hernández,aldonza49@example.org,2021-08-10,True,+50216118522,Jubilado,477,86
689,Juan Rodríguez,flaviovela@example.org,2021-01-26,True,+50265721070,Empresario,678,142
690,Luisa Reyes,ldominguez@example.net,2020-09-24,True,+50227900736,Empleado,685,200
691,Luisa García,merinoeugenia@example.net,2023-06-18,True,+50210852226,Empleado,483,23
692,Luis Torres,ecaban@example.org,2022-09-01,False,+50227031212,Empresario,446,164
693,Miguel Reyes,limonfabiola@example.org,2022-08-15,True,+50233427561,Jubilado,338,153
694,Luisa Jiménez,djimenez@example.org,2018-12-27,True,+50256688115,Independiente,304,143
695,Sofia Pérez,jarguello@example.com,2019-04-27,True,+50293070162,Estudiante,819,57
696,Alejandro Pérez,fabiolajiminez@example.net,2021-02-06,True,+50236000523,Empleado,452,176
697,Valentina Jiménez,maria-jose67@example.net,2019-12-24,True,+50299945021,Empleado,355,166
698,Carmen Torres,medranozacarias@example.com,2020-05-08,False,+50243739891,Estudiante,764,12
699,Ana López,pereseugenio@example.net,2019-12-22,True,+50213901068,Independiente,827,30
700,Juan Sánchez,salmaguerra@example.org,2022-12-27,True,+50266246123,Empresario,633,59
701,Jorge Rodríguez,elvira63@example.net,2021-08-28,True,+50223161945,Empresario,722,52
702,Fernando Sánchez,ulibarriemiliano@example.net,2018-10-29,False,+50288529753,Independiente,355,112
703,Pedro Pérez,jaimedolores@example.org,2023-02-07,True,+50261986593,Estudiante,439,118
704,Patricia Pérez,jaquelinechavarria@example.com,2022-01-08,True,+50237140286,Estudiante,430,9
705,Luis López,isaacgastelum@example.org,2021-02-23,True,+50224912833,Independiente,769,108
706,Luisa Flores,fernandezestela@example.org,2020-06-19,True,+50291018650,Empresario,474,148
707,Daniela Sánchez,casillasfidel@example.org,2018-12-21,False,+50280030620,Independiente,521,152
708,Valentina Reyes,smarrero@example.net,2021-02-17,True,+50267460000,Empresario,553,84
709,Isabel Sánchez,josegaytan@example.org,2019-09-03,True,+50266072388,Empleado,341,121
710,Patricia López,maytemascarenas@example.org,2022-10-10,False,+50274326441,Empleado,763,127
711,Sofia Martínez,maria-cristina07@example.com,2018-02-20,False,+50239260335,Empresario,667,76
712,Sofia Martínez,rarellano@example.com,2018-03-07,False,+50299796439,Estudiante,465,181
713,Alejandro García,elvia25@example.net,2023-02-07,False,+50228605786,Independiente,489,95
714,Andrés Reyes,fonsecaabelardo@example.org,2018-01-06,True,+50261657620,Estudiante,843,9
715,Elena Cruz,sandracortes@example.net,2021-01-10,True,+50220866138,Jubilado,643,189
716,María Rivera,lde-jesus@example.com,2018-07-31,True,+50261399349,Estudiante,776,159
717,María Rivera,corosco@example.net,2022-02-09,True,+50296996261,Jubilado,368,144
718,Luis Pérez,marisol37@example.com,2019-07-21,True,+50242028739,Jubilado,416,167
719,Valentina Pérez,soteloangela@example.com,2020-07-12,True,+50257340158,Estudiante,815,175
720,Isabel Ramírez,apariciozeferino@example.net,2018-08-12,True,+50260038218,Estudiante,763,125
721,Ricardo Rodríguez,narvaezpedro@example.net,2023-04-10,True,+50270663511,Jubilado,676,173
722,Luis Martínez,paulinaurbina@example.org,2020-02-11,False,+50221718382,Empleado,700,46
723,Elena Martínez,dulce-mariagallardo@example.net,2019-03-24,True,+50247036407,Empleado,451,128
724,Pedro Pérez,florenciabetancourt@example.com,2023-11-03,True,+50249348536,Independiente,435,122
725,Carmen Cruz,homero49@example.net,2022-12-24,True,+50249126722,Empresario,364,6
726,Claudia Sánchez,cabanclaudia@example.net,2023-10-30,True,+50265256328,Jubilado,651,168
727,Andrés Flores,pregalado@example.com,2023-06-15,False,+50271472671,Estudiante,435,79
728,Luisa Ramírez,pradoleonel@example.org,2020-07-17,False,+50259915883,Estudiante,348,38
729,Carmen Torres,felipe89@example.com,2023-02-11,True,+50293031143,Empresario,848,74
730,Luisa González,ignacio21@example.net,2019-09-21,True,+50241931112,Empleado,342,82
731,Eduardo Hernández,partidaaurora@example.com,2022-12-11,True,+50259616555,Empresario,510,144
732,Luis López,daniela03@example.com,2021-07-22,True,+50229856736,Estudiante,759,139
733,Luisa Torres,ramon31@example.org,2019-05-13,True,+50264299436,Independiente,448,118
734,Roberto Hernández,evelio62@example.com,2018-01-18,True,+50296871612,Estudiante,785,75
735,Jorge Hernández,rocioespinoza@example.org,2022-12-16,True,+50225074747,Independiente,341,36
736,Gabriela Rodríguez,yreynoso@example.org,2021-06-15,True,+50263905855,Jubilado,525,115
737,Carmen Martínez,vacaenrique@example.net,2021-08-29,True,+50291624673,Empresario,839,57
738,Claudia Ramírez,jose-manuelregalado@example.org,2020-03-12,True,+50221219199,Jubilado,756,174
739,Gabriela Martínez,elvia46@example.net,2023-09-28,False,+50236098642,Independiente,625,155
740,Paola López,pamela34@example.org,2022-01-18,False,+50229856967,Independiente,678,99
741,Carmen García,zsalinas@example.com,2021-03-11,True,+50257158074,Estudiante,756,144
742,Juan Pérez,jose-eduardovallejo@example.com,2022-12-25,False,+50269391930,Estudiante,467,187
743,Isabel Cruz,lpantoja@example.com,2019-07-26,True,+50229278938,Empresario,610,122
744,Ricardo Flores,luis-miguel02@example.org,2018-09-28,False,+50221871327,Empleado,719,164
745,Miguel Cruz,matosmariano@example.com,2019-12-18,False,+50286224438,Empresario,504,48
746,Fernando Torres,garaywendolin@example.net,2023-07-03,True,+50250532800,Jubilado,611,127
747,Daniela Reyes,esteban00@example.org,2020-07-08,True,+50210328387,Empresario,568,77
748,Andrés Jiménez,reynosonoelia@example.org,2019-05-24,True,+50265989834,Empresario,803,177
749,Andrés Sánchez,minervaaragon@example.net,2018-04-27,True,+50247207440,Independiente,368,154
750,Patricia Rivera,maria-jose42@example.net,2023-05-23,False,+50244616300,Independiente,422,96
751,Ricardo García,jacintocastaneda@example.org,2020-11-29,True,+50288068345,Empleado,449,82
752,Alejandro Hernández,zedillosocorro@example.org,2022-01-03,True,+50217098551,Estudiante,669,108
753,Andrés Rivera,quezadacatalina@example.com,2018-07-19,True,+50249146492,Jubilado,378,132
754,Diego González,zamoradaniel@example.org,2019-01-23,True,+50282975834,Estudiante,623,176
755,Claudia Torres,biancahinojosa@example.org,2021-01-16,True,+50222862542,Jubilado,660,37
756,Carlos Hernández,alcaraztania@example.com,2023-10-24,True,+50260065117,Independiente,721,88
757,Luisa Rodríguez,almaraznoelia@example.net,2020-06-11,True,+50277562908,Empresario,492,144
758,Paola Rodríguez,marioperez@example.com,2022-09-06,False,+50220254278,Empleado,434,5
759,Valentina Rivera,mario96@example.org,2021-06-30,True,+50228658140,Independiente,835,196
760,Roberto González,hnevarez@example.net,2021-06-01,True,+50225917805,Empresario,431,178
761,Pedro Sánchez,anayaemiliano@example.com,2021-06-13,True,+50238164383,Empresario,380,109
762,Luis Rodríguez,barrientosmaria-teresa@example.net,2018-11-15,True,+50274995591,Independiente,343,51
763,Ana López,maria-del-carmen26@example.net,2023-10-05,True,+50272959166,Empleado,559,12
764,Juan Torres,loeradolores@example.org,2018-02-12,True,+50226615289,Jubilado,510,151
765,Diego González,icepeda@example.com,2021-12-10,True,+50222184193,Empresario,584,149
766,Carmen Rivera,susanacotto@example.com,2019-10-20,True,+50277767769,Jubilado,369,26
767,Eduardo García,luis-manuelcisneros@example.net,2023-12-07,True,+50235709072,Estudiante,475,194
768,Daniela García,vanesa36@example.net,2019-02-09,True,+50277671943,Independiente,675,179
769,Eduardo González,qarteaga@example.com,2022-12-06,True,+50234273079,Estudiante,688,109
770,Diego Sánchez,mlinares@example.net,2022-07-28,True,+50252181984,Empleado,777,29
771,Ricardo Hernández,esparzaivan@example.com,2023-07-24,True,+50248691113,Jubilado,341,22
772,Roberto Jiménez,ochoaesteban@example.com,2019-04-19,False,+50248065683,Independiente,619,176
773,Alejandro Sánchez,pantojacecilia@example.net,2022-07-27,True,+50267440042,Empresario,371,122
774,Gabriela Rivera,rodolfonavarro@example.net,2020-01-05,True,+50275987927,Empleado,705,113
775,Ricardo Martínez,gilberto18@example.net,2019-05-04,True,+50262990697,Independiente,404,190
776,Luisa Martínez,adriana19@example.net,2022-01-29,True,+50255450370,Empresario,713,32
777,Sofia Cruz,benitorangel@example.org,2023-08-07,True,+50288103795,Jubilado,579,194
778,Claudia Morales,esmeralda21@example.net,2021-12-29,False,+50299479873,Jubilado,714,125
779,Ricardo Ramírez,hugosarabia@example.org,2019-08-27,False,+50224500436,Empleado,556,126
780,Valentina Sánchez,marcela74@example.org,2019-07-06,True,+50223368540,Empleado,369,128
781,Gabriela García,inarvaez@example.com,2020-01-04,False,+50291145880,Estudiante,456,78
782,Paola Rodríguez,de-la-fuenteines@example.com,2018-11-10,False,+50272548391,Empresario,600,170
783,Valentina Jiménez,beatriz45@example.com,2023-08-30,True,+50282804811,Estudiante,318,196
784,María Cruz,jguajardo@example.com,2019-05-03,False,+50270413482,Estudiante,685,114
785,Alejandro López,citlalipineda@example.com,2018-05-15,True,+50284714519,Estudiante,468,126
786,Isabel Hernández,omarvalenzuela@example.net,2021-07-03,False,+50275425092,Empleado,802,169
787,Daniela Jiménez,madrigalandrea@example.org,2023-05-04,True,+50278006116,Empleado,700,68
788,Valentina Morales,leticiabenavides@example.net,2021-12-15,True,+50253014471,Empleado,328,152
789,María Hernández,banuelosamalia@example.com,2022-02-09,True,+50288378721,Empleado,649,98
790,Ana Cruz,minervahinojosa@example.com,2021-11-14,True,+50265288255,Estudiante,357,170
791,Sofia Sánchez,irenesaldivar@example.org,2020-08-19,True,+50289528254,Empleado,367,79
792,Ana Flores,arredondoesparta@example.net,2019-11-27,True,+50282265081,Estudiante,338,118
793,Gabriela Cruz,collazogabriel@example.com,2023-10-10,False,+50245784981,Empleado,780,151
794,Carlos Flores,nadia18@example.net,2022-03-28,False,+50253274663,Jubilado,400,126
795,Ana Pérez,hugoquintana@example.org,2021-10-08,False,+50277480448,Estudiante,470,158
796,Elena Rivera,rubenmontero@example.com,2022-11-21,True,+50276699729,Empleado,848,55
797,Elena Ramírez,helena98@example.org,2018-07-14,True,+50286976644,Independiente,531,160
798,Patricia Martínez,gilberto35@example.net,2019-01-24,True,+50246690420,Empleado,843,122
799,Isabel Pérez,rojeda@example.com,2021-11-23,True,+50297447790,Estudiante,816,77
800,Isabel Flores,hvelez@example.com,2020-03-30,False,+50263995920,Estudiante,827,117
801,Gabriela González,pesparza@example.net,2018-03-18,True,+50287422596,Independiente,518,170
802,Patricia Reyes,olozada@example.org,2021-01-02,False,+50285982862,Empleado,834,52
803,Carmen Reyes,ydominguez@example.net,2019-08-29,True,+50230196097,Estudiante,745,106
804,Roberto Martínez,modesto41@example.com,2020-04-13,False,+50245827376,Estudiante,464,66
805,Gabriela Sánchez,inesalcala@example.com,2022-07-21,True,+50225241574,Empresario,496,8
806,Sofia Torres,luis-miguelvillalobos@example.net,2023-03-17,False,+50285138440,Independiente,732,166
807,María Pérez,jroybal@example.org,2019-10-15,True,+50228311409,Empleado,564,72
808,Gabriela González,pedroalcantar@example.com,2018-06-22,False,+50212672106,Empleado,385,81
809,Paola Torres,geronimonevarez@example.com,2018-09-18,False,+50258779318,Empleado,706,186
810,Pedro Sánchez,cristinalerma@example.org,2019-04-04,True,+50280055957,Jubilado,837,65
811,Valentina Martínez,violetapalomino@example.com,2020-09-02,True,+50252065222,Estudiante,699,192
812,Patricia Sánchez,ggarrido@example.net,2022-09-29,True,+50229364653,Empleado,479,55
813,Miguel Reyes,gcasanova@example.com,2022-07-31,True,+50289118793,Empleado,802,137
814,Carmen Rodríguez,patricia63@example.org,2021-07-20,False,+50273733841,Empresario,584,38
815,Carmen Jiménez,verduzcoeugenio@example.com,2022-02-15,True,+50212828532,Jubilado,335,190
816,Gabriela López,emilio32@example.net,2020-09-08,True,+50284185883,Independiente,616,164
817,Luis Rivera,tamezrosa@example.com,2019-05-15,True,+50269378298,Independiente,308,101
818,Miguel Torres,dporras@example.org,2019-01-05,True,+50249919426,Empresario,464,113
819,Andrés Flores,kgodoy@example.org,2022-07-23,True,+50246780559,Empleado,803,121
820,Patricia Cruz,joseperes@example.com,2021-09-24,False,+50223474864,Empresario,567,130
821,Juan Rivera,minerva11@example.com,2022-09-20,True,+50270835762,Empleado,353,165
822,Andrés González,jorgearenas@example.com,2022-12-22,True,+50210412827,Independiente,504,161
823,Elena Flores,chapahoracio@example.net,2018-12-03,True,+50231182569,Empresario,828,183
824,Jorge Hernández,bianca04@example.com,2022-08-08,True,+50270597948,Independiente,436,67
825,Luisa Flores,mendezdavid@example.net,2021-02-28,True,+50221327835,Independiente,676,47
826,Fernando Morales,aguirreflavio@example.net,2020-07-08,True,+50213082993,Jubilado,534,23
827,Alejandro Pérez,marianachavez@example.org,2020-12-08,True,+50216681756,Independiente,739,154
828,Miguel Hernández,robledobruno@example.com,2018-12-31,True,+50232833506,Jubilado,420,4
829,Luis Cruz,taniafrias@example.com,2023-02-02,False,+50225906458,Empresario,508,49
830,Claudia Ramírez,delia52@example.net,2021-03-25,False,+50261281039,Empresario,741,53
831,Paola Pérez,iamaya@example.org,2021-03-05,True,+50266147435,Empresario,718,38
832,Carlos Torres,nancymontemayor@example.com,2020-12-08,True,+50292903638,Independiente,554,95
833,Eduardo Reyes,yjaimes@example.com,2018-12-18,True,+50272932224,Empresario,631,178
834,Fernando Pérez,canalesbernabe@example.org,2022-04-20,False,+50290154282,Estudiante,374,25
835,Daniela López,joaquincontreras@example.com,2018-08-02,True,+50241519884,Independiente,662,156
836,Gabriela López,emiliacorona@example.net,2018-01-22,True,+50277718480,Jubilado,690,78
837,Fernando Rivera,indira85@example.com,2019-06-26,True,+50287911634,Empresario,566,44
838,Ricardo Jiménez,ivan60@example.org,2021-10-21,False,+50227705940,Empleado,624,182
839,Ricardo Cruz,jesus97@example.net,2019-08-04,True,+50225682275,Estudiante,345,33
840,Valentina Ramírez,alfaronoelia@example.com,2022-01-16,False,+50247973618,Estudiante,570,133
841,Roberto Cruz,nellyde-leon@example.net,2019-11-07,True,+50275937784,Empresario,750,14
842,Diego Hernández,marisol80@example.org,2018-08-12,True,+50234580812,Empleado,781,67
843,Luisa Reyes,gamboasalma@example.org,2022-11-23,True,+50276425800,Empleado,752,92
844,Luis Jiménez,narvaezjorge-luis@example.com,2023-02-18,False,+50225098270,Empresario,426,90
845,Juan Pérez,natividad52@example.org,2021-03-09,True,+50232588172,Jubilado,579,145
846,Gabriela Pérez,rufinoledesma@example.org,2018-01-17,True,+50265890810,Empleado,552,197
847,Valentina Rodríguez,maria-luisa35@example.org,2021-09-08,True,+50248155583,Empleado,703,96
848,Eduardo Rodríguez,ivan30@example.com,2021-08-18,True,+50213875470,Empleado,771,182
849,Gabriela Jiménez,zeferinovaldez@example.org,2023-02-03,True,+50289752745,Empleado,637,12
850,Andrés Reyes,maria-del-carmenhinojosa@example.com,2021-08-23,True,+50238369179,Empleado,589,83
851,Claudia López,aida56@example.net,2018-10-17,False,+50222421986,Independiente,561,46
852,Sofia Morales,ivallejo@example.net,2019-01-01,True,+50237947183,Empresario,697,200
853,Fernando Torres,collazoelisa@example.net,2019-09-24,True,+50250070254,Independiente,742,189
854,Claudia Torres,leonel45@example.org,2019-06-22,True,+50299324622,Empleado,676,132
855,Diego Jiménez,delia54@example.org,2022-12-30,False,+50273946652,Estudiante,733,24
856,Jorge Cruz,klaureano@example.org,2022-02-17,True,+50268264710,Independiente,395,11
857,Ricardo Flores,mariaalmanza@example.org,2023-03-14,True,+50296920825,Empresario,807,135
858,Andrés Martínez,juan-carlos82@example.net,2021-04-05,False,+50268700864,Empleado,789,77
859,Pedro Hernández,aurelio86@example.org,2021-05-15,True,+50280208227,Independiente,602,146
860,María Martínez,lourdes34@example.net,2018-07-04,True,+50278538495,Independiente,722,25
861,Alejandro Ramírez,ygodinez@example.org,2021-12-26,True,+50288593591,Empleado,815,5
862,Ana Reyes,dulce-maria11@example.net,2020-01-06,True,+50262741841,Empleado,385,107
863,Luis Torres,roblesisabela@example.org,2021-07-09,False,+50299960756,Independiente,571,88
864,Claudia González,maria-teresavelasquez@example.org,2020-05-14,True,+50220498581,Jubilado,565,173
865,Ana Cruz,paredesclemente@example.com,2023-12-29,True,+50210784780,Independiente,419,4
866,Luisa Jiménez,barrerasofia@example.org,2023-02-28,False,+50298277293,Jubilado,798,78
867,Paola Rivera,qaltamirano@example.org,2022-06-06,True,+50221762188,Empresario,438,4
868,Diego Rodríguez,carmen97@example.com,2018-03-07,True,+50213599088,Empresario,792,167
869,Pedro Sánchez,crendon@example.com,2022-11-20,True,+50221555280,Estudiante,774,38
870,Valentina Cruz,bromo@example.com,2018-03-31,True,+50232294301,Empresario,755,125
871,Valentina García,angelvela@example.com,2023-01-16,True,+50237023185,Estudiante,701,14
872,Roberto García,najerasofia@example.org,2019-02-25,False,+50265792417,Independiente,597,10
873,Valentina Morales,qbustamante@example.net,2023-06-15,False,+50241125867,Empleado,840,5
874,Isabel Flores,ucontreras@example.org,2018-09-18,True,+50297013391,Independiente,784,30
875,Valentina Rivera,porfirio11@example.org,2023-01-11,False,+50212792658,Empresario,594,186
876,Diego Jiménez,sibarra@example.net,2021-11-09,False,+50241152352,Jubilado,524,151
877,Gabriela Flores,camila77@example.net,2023-04-03,True,+50249378681,Independiente,726,173
878,Andrés Rivera,nevarezgerardo@example.com,2023-04-19,True,+50293462271,Empresario,589,177
879,Patricia Martínez,abanuelos@example.org,2023-06-01,True,+50233258738,Empresario,460,156
880,Valentina Rodríguez,plopez@example.com,2022-08-31,False,+50250755467,Empresario,514,143
881,María García,ycarrero@example.com,2022-01-09,True,+50257921617,Empresario,478,129
882,María Martínez,gabriel11@example.net,2021-10-15,False,+50225296699,Jubilado,532,31
883,Daniela Sánchez,jose40@example.com,2023-06-16,True,+50255677542,Estudiante,347,198
884,Daniela Ramírez,concepcionserafin@example.com,2019-09-12,True,+50216767531,Independiente,768,194
885,Ana Rodríguez,ymuro@example.net,2019-02-22,True,+50278089422,Empleado,471,162
886,Ana Pérez,yolandagodinez@example.org,2022-01-21,True,+50249208083,Independiente,818,128
887,Patricia Rodríguez,gtrejo@example.org,2019-09-24,True,+50254910261,Empresario,425,52
888,Alejandro Cruz,liliana81@example.com,2018-01-27,True,+50273574016,Estudiante,593,130
889,Luisa Martínez,maria-teresa51@example.net,2020-12-25,True,+50265701512,Estudiante,551,39
890,Jorge Cruz,alfonso48@example.org,2020-07-23,True,+50267555628,Independiente,719,118
891,Ricardo Rivera,karinaperalta@example.com,2018-05-02,False,+50229539994,Empleado,829,18
892,Juan Flores,romerojose-carlos@example.com,2021-07-13,False,+50232055285,Independiente,362,101
893,Jorge López,negreteraul@example.org,2019-09-11,True,+50294772931,Jubilado,602,108
894,Fernando Torres,xcardona@example.org,2021-07-08,True,+50211060619,Estudiante,840,157
895,Pedro Morales,davilaeduardo@example.com,2023-01-02,True,+50283071525,Jubilado,752,179
896,Carmen Morales,toledovirginia@example.org,2020-03-19,True,+50221311994,Empleado,850,86
897,Fernando Hernández,jorgecedillo@example.org,2023-11-02,True,+50238686961,Empleado,823,142
898,Elena Flores,ofelia73@example.org,2019-10-18,True,+50213743496,Jubilado,564,62
899,Jorge Torres,adanjuarez@example.org,2022-09-28,True,+50218045780,Estudiante,565,161
900,Ricardo Rivera,eirizarry@example.net,2019-05-23,True,+50297370696,Empleado,759,77
901,Eduardo García,negretesamuel@example.net,2023-01-31,True,+50241688446,Jubilado,846,153
902,Sofia Rivera,olga20@example.com,2021-05-10,True,+50299512805,Jubilado,443,183
903,Fernando Sánchez,rduran@example.net,2019-03-08,True,+50279316990,Jubilado,497,200
904,Carmen Reyes,nhuerta@example.com,2019-02-06,True,+50267135430,Independiente,383,24
905,María Cruz,zepedatimoteo@example.com,2019-06-17,False,+50238827874,Independiente,379,95
906,Gabriela Morales,lilianaharo@example.com,2023-10-27,False,+50245392370,Jubilado,810,163
907,Isabel Reyes,barelahoracio@example.org,2023-06-29,False,+50231856387,Empresario,817,33
908,Valentina Reyes,homeropadilla@example.com,2019-06-14,True,+50238540398,Independiente,784,9
909,Patricia González,sosamaria-luisa@example.org,2022-02-21,True,+50290745413,Independiente,412,31
910,Carmen Torres,rodrigo82@example.net,2018-06-14,True,+50225803092,Estudiante,612,96
911,Elena Torres,chapajaqueline@example.com,2023-06-14,True,+50229175605,Empresario,731,13
912,Elena Torres,aurelio65@example.org,2020-06-02,True,+50275604774,Empleado,425,141
913,Carmen Martínez,rolando28@example.com,2018-07-03,False,+50274582407,Jubilado,617,145
914,Alejandro Flores,francisco-javiervelazquez@example.com,2022-03-26,False,+50291296981,Empresario,441,130
915,Andrés Reyes,ltapia@example.com,2023-01-17,False,+50229996104,Estudiante,391,160
916,Gabriela Cruz,pablo90@example.org,2022-05-06,True,+50263069304,Estudiante,346,172
917,Alejandro Ramírez,umaya@example.net,2018-12-29,True,+50213329148,Jubilado,616,144
918,Andrés Rodríguez,godinezmario@example.com,2018-12-15,True,+50293041052,Jubilado,354,146
919,Ricardo Pérez,samuel38@example.net,2023-05-04,True,+50226144134,Jubilado,484,5
920,Miguel Pérez,manzanaresjose-emilio@example.com,2020-10-01,False,+50221361254,Jubilado,628,103
921,Eduardo López,paezemilia@example.org,2023-07-07,True,+50255628196,Independiente,484,107
922,Carlos Flores,longoriaandres@example.net,2022-04-14,True,+50222217180,Empleado,401,139
923,Luisa Torres,horacio38@example.net,2019-08-13,True,+50244299947,Empleado,457,79
924,Isabel González,fajardoesteban@example.net,2018-08-30,True,+50234354859,Empleado,359,77
925,Fernando Rodríguez,joaquinarmas@example.org,2021-08-03,True,+50265408139,Estudiante,564,97
926,Ana López,margarita84@example.org,2020-04-09,True,+50290128603,Jubilado,542,127
927,Ricardo Morales,portillojesus@example.org,2019-04-17,True,+50218137886,Estudiante,775,142
928,Isabel Martínez,gtoro@example.com,2023-06-07,True,+50264692890,Empresario,319,69
929,Daniela Rodríguez,lvigil@example.net,2020-10-05,True,+50250884443,Jubilado,716,115
930,Juan Pérez,claudiobatista@example.net,2019-08-07,True,+50282536595,Empresario,551,138
931,Isabel Reyes,marisol86@example.com,2018-06-21,True,+50272364542,Jubilado,596,168
932,Luisa García,verdugomarco-antonio@example.com,2018-09-04,False,+50246682099,Jubilado,556,175
933,Fernando Rivera,silvanoescalante@example.com,2020-05-21,True,+50216104857,Empresario,846,145
934,Juan Torres,dgalindo@example.net,2019-01-03,False,+50226505688,Empresario,586,111
935,Diego Flores,garridopamela@example.net,2021-11-04,True,+50270762792,Estudiante,551,170
936,Roberto Flores,natividad83@example.org,2020-05-12,False,+50290465362,Estudiante,316,178
937,Pedro García,arturo29@example.org,2023-05-06,True,+50211285619,Empresario,723,143
938,Luis Jiménez,mtamayo@example.org,2022-05-28,True,+50297120361,Empleado,331,172
939,Alejandro Rodríguez,carlosfonseca@example.net,2021-12-16,False,+50290706579,Estudiante,696,46
940,Jorge García,yolanda17@example.net,2019-05-27,False,+50259725069,Empresario,755,3
941,Sofia García,aguilerablanca@example.com,2021-02-25,True,+50235704262,Empleado,610,184
942,Sofia Sánchez,modesto94@example.org,2023-07-16,True,+50214938681,Estudiante,804,181
943,Luis Pérez,apodacajuan@example.org,2018-01-30,True,+50295689443,Independiente,413,72
944,Eduardo Jiménez,anabelnieto@example.org,2019-11-30,True,+50298562013,Jubilado,479,17
945,Eduardo Hernández,cortesdiana@example.net,2018-09-24,True,+50244846207,Jubilado,533,134
946,Patricia Ramírez,solisomar@example.com,2020-02-25,True,+50281530199,Jubilado,558,175
947,Daniela Reyes,nruiz@example.net,2018-01-09,False,+50296029038,Empleado,630,111
948,Isabel Ramírez,yesparza@example.net,2019-05-14,False,+50276514912,Estudiante,829,195
949,María Sánchez,maria-elena23@example.org,2018-07-12,True,+50266379776,Jubilado,759,81
950,Carlos Morales,seguraomar@example.net,2020-03-08,True,+50220980204,Jubilado,325,189
951,Sofia Cruz,inesontiveros@example.com,2018-11-01,True,+50236424359,Empresario,637,80
952,Juan Rodríguez,vasquezleonor@example.net,2018-04-25,False,+50267975205,Empleado,642,65
953,Sofia Rodríguez,camarillodario@example.org,2023-04-24,True,+50255741665,Empleado,641,134
954,Claudia Sánchez,maria-luisafranco@example.net,2018-10-26,False,+50222840710,Independiente,427,22
955,María López,villarrealhoracio@example.net,2022-03-26,True,+50218727939,Empresario,363,114
956,María Torres,irma62@example.net,2022-11-04,True,+50223667066,Empleado,353,76
957,Fernando Morales,ocasiogerardo@example.net,2019-01-28,False,+50241287760,Jubilado,310,117
958,Fernando Reyes,menchacauriel@example.com,2022-10-20,True,+50255582551,Empleado,764,133
959,Roberto Pérez,montenegrokarina@example.com,2019-03-19,True,+50211649345,Jubilado,369,152
960,Claudia Pérez,yguardado@example.net,2019-06-01,True,+50257699801,Independiente,792,186
961,Paola Reyes,jaime97@example.org,2020-02-01,True,+50228478117,Empleado,361,33
962,Elena Cruz,zcasanova@example.org,2023-10-03,True,+50251766978,Jubilado,449,38
963,Valentina Torres,xpacheco@example.net,2021-11-05,True,+50259503523,Empleado,830,151
964,Gabriela Hernández,escobarporfirio@example.org,2018-08-23,True,+50278062865,Jubilado,355,109
965,Carmen Pérez,miguel88@example.org,2020-03-31,True,+50219180999,Estudiante,493,171
966,Valentina Reyes,elviramatias@example.com,2021-09-18,True,+50292691963,Estudiante,728,85
967,Luisa Rodríguez,malavegeorgina@example.net,2023-02-04,True,+50276562688,Empresario,303,164
968,Sofia Sánchez,zrios@example.net,2023-03-26,True,+50242080592,Independiente,639,190
969,Fernando Pérez,luceroveronica@example.org,2022-06-28,True,+50210902666,Estudiante,310,19
970,Carmen García,cintronguadalupe@example.org,2019-04-17,True,+50249000479,Independiente,499,162
971,Eduardo Rivera,aracelichavarria@example.org,2018-06-29,True,+50236725819,Empresario,590,45
972,Sofia Ramírez,ybarrafrancisco@example.org,2019-12-15,True,+50284424395,Empresario,482,51
973,Carlos González,villarrealfrancisco-javier@example.org,2020-12-08,True,+50212817734,Empresario,688,168
974,Claudia Rodríguez,etejada@example.org,2021-10-18,True,+50250946121,Independiente,545,95
975,Claudia Rivera,nalonso@example.org,2019-12-03,False,+50218774822,Empleado,447,34
976,Claudia Pérez,daniel32@example.net,2020-02-25,False,+50260231696,Estudiante,739,163
977,Sofia López,salasalfonso@example.net,2020-02-14,True,+50229940314,Estudiante,553,14
978,Andrés Ramírez,alugo@example.com,2019-06-02,False,+50238083391,Empleado,781,170
979,Paola Martínez,palfaro@example.net,2019-11-17,False,+50296580039,Jubilado,683,128
980,Ricardo Reyes,elsaacevedo@example.org,2020-01-04,True,+50260181152,Jubilado,794,184
981,Valentina Jiménez,ofelia63@example.com,2021-01-04,False,+50295645083,Jubilado,337,54
982,Sofia Pérez,cesarde-leon@example.net,2023-01-26,True,+50263136795,Empresario,613,109
983,Fernando González,omar23@example.net,2022-03-13,True,+50283893835,Empleado,437,193
984,Juan Torres,samuelnarvaez@example.org,2022-12-26,True,+50240893911,Jubilado,342,120
985,Ricardo Flores,rsalas@example.com,2022-10-12,False,+50272753631,Independiente,718,95
986,Claudia Jiménez,benitezdolores@example.com,2021-07-22,True,+50261320957,Empleado,483,114
987,Sofia Ramírez,serafin98@example.org,2018-11-07,True,+50221062025,Estudiante,813,132
988,Daniela Martínez,ecorrea@example.net,2021-02-06,True,+50223208247,Empleado,373,93
989,María Pérez,wilfrido41@example.com,2021-09-29,True,+50254190018,Estudiante,609,191
990,Jorge Ramírez,gaitannelly@example.org,2020-02-20,True,+50282897088,Estudiante,308,198
991,Elena Torres,silvanolomeli@example.net,2021-11-20,False,+50264459981,Jubilado,312,121
992,Andrés Hernández,oraya@example.org,2022-06-17,True,+50240457532,Empresario,785,60
993,Ricardo Reyes,barajassessa@example.org,2023-03-05,True,+50221526062,Estudiante,492,110
994,Jorge Cruz,pamela07@example.com,2020-05-08,False,+50270394210,Jubilado,330,96
995,Pedro Hernández,valladaresisabela@example.net,2021-06-05,True,+50277082048,Estudiante,647,58
996,Isabel Cruz,cecilia10@example.net,2022-07-11,True,+50253765651,Jubilado,323,146
997,Claudia López,dmireles@example.com,2019-07-24,True,+50254325475,Jubilado,700,98
998,Diego Morales,mvallejo@example.org,2018-09-18,False,+50235278389,Independiente,411,85
999,Eduardo Reyes,escobedodario@example.com,2021-06-01,True,+50233008094,Empleado,481,9
1000,Luis Jiménez,nadia49@example.net,2018-04-20,True,+50236709158,Empleado,695,73
